-- phpMyAdmin SQL Dump
-- version 5.2.0
-- https://www.phpmyadmin.net/
--
-- Host: 127.0.0.1
-- Generation Time: Feb 01, 2023 at 03:24 PM
-- Server version: 10.4.25-MariaDB
-- PHP Version: 7.4.30

SET SQL_MODE = "NO_AUTO_VALUE_ON_ZERO";
START TRANSACTION;
SET time_zone = "+00:00";


/*!40101 SET @OLD_CHARACTER_SET_CLIENT=@@CHARACTER_SET_CLIENT */;
/*!40101 SET @OLD_CHARACTER_SET_RESULTS=@@CHARACTER_SET_RESULTS */;
/*!40101 SET @OLD_COLLATION_CONNECTION=@@COLLATION_CONNECTION */;
/*!40101 SET NAMES utf8mb4 */;

--
-- Database: `modulo_herramientas`
--

-- --------------------------------------------------------

--
-- Table structure for table `failed_jobs`
--

CREATE TABLE `failed_jobs` (
  `id` bigint(20) UNSIGNED NOT NULL,
  `uuid` varchar(255) COLLATE utf8mb4_unicode_ci NOT NULL,
  `connection` text COLLATE utf8mb4_unicode_ci NOT NULL,
  `queue` text COLLATE utf8mb4_unicode_ci NOT NULL,
  `payload` longtext COLLATE utf8mb4_unicode_ci NOT NULL,
  `exception` longtext COLLATE utf8mb4_unicode_ci NOT NULL,
  `failed_at` timestamp NOT NULL DEFAULT current_timestamp()
) ENGINE=InnoDB DEFAULT CHARSET=utf8mb4 COLLATE=utf8mb4_unicode_ci;

-- --------------------------------------------------------

--
-- Table structure for table `herramientas`
--

CREATE TABLE `herramientas` (
  `id` bigint(20) UNSIGNED NOT NULL,
  `nombre` varchar(255) COLLATE utf8mb4_unicode_ci DEFAULT NULL,
  `numero_serie` int(11) DEFAULT NULL,
  `unidad` varchar(255) COLLATE utf8mb4_unicode_ci DEFAULT NULL,
  `estado` int(11) DEFAULT NULL,
  `created_at` timestamp NULL DEFAULT NULL,
  `updated_at` timestamp NULL DEFAULT NULL
) ENGINE=InnoDB DEFAULT CHARSET=utf8mb4 COLLATE=utf8mb4_unicode_ci;

--
-- Dumping data for table `herramientas`
--

INSERT INTO `herramientas` (`id`, `nombre`, `numero_serie`, `unidad`, `estado`, `created_at`, `updated_at`) VALUES
(1, 'ADAPTADOR 12 HEMBRA  38 MACHO P DADOS', 1, 'PIEZA', 3, NULL, '2022-12-17 03:52:00'),
(2, 'ADAPTADOR PPUNTAS 38 BOLSA C 10PZS # DES AD 38 COD.17840 TRUPER 029775TRUPER', 2, 'PIEZA', 2, NULL, '2022-12-20 22:08:20'),
(3, '  ADAPTADOR PARA DUCTO METALICO LD44AM SQUARE D 4X4      ', 3, 'PIEZA', 3, NULL, '2022-12-17 03:52:11'),
(4, '  ADAPTADOR PARA MATRACA 12     A 38      ', 4, 'PIEZA', 0, NULL, NULL),
(5, 'ADAPTADOR PUNTA CAJA 38 C10 PZAS', 5, 'JGO', 1, NULL, NULL),
(6, 'ADAPTADOR PUNTA CAJA 716', 6, 'PIEZA', 1, NULL, NULL),
(7, '  ARCO PSEGUETA 12     DE SOLERA BATALLA #10 0501 HECORT  ', 7, 'PIEZA', 0, NULL, NULL),
(8, 'ARCO PARA SEGUETA 20 1200 HECORT', 8, 'PIEZA', 1, NULL, NULL),
(9, 'BANCO PRENSA CADENA MODELO MOD  RIDGID 460 6', 9, 'PIEZA', 2, NULL, '2022-12-15 01:03:53'),
(10, '  BARRA 1.75 MTOS TRUPER 1      ', 10, 'PIEZA', 0, NULL, NULL),
(11, '  BARRA DE ACERO DE 1     X 1.75 MTS  ', 11, 'PIEZA', 0, NULL, NULL),
(12, '  BARRETA PUNTA 1     X 175CM # BAP 175E COD 19963 TRUPER  ', 12, 'PIEZA', 0, NULL, NULL),
(13, 'BATERIA B 225.2 LI ION  MCA HILTI', 13, 'PIEZA', 3, NULL, '2022-11-30 01:57:04'),
(14, 'BATERIA B365.2 LI ION  MCA HILTI', 14, 'PIEZA', 1, NULL, NULL),
(15, 'BROCA SDS 38 X 6 ', 15, 'PIEZA', 1, NULL, NULL),
(16, 'BROCA SDS 58 X 24', 16, 'PIEZA', 1, NULL, NULL),
(17, '  BROCASIERRA 1 116     TRUPER 34      ', 17, 'PIEZA', 1, NULL, NULL),
(18, '  BROCASIERRA 2 38      TRUPER  ', 18, 'PIEZA', 1, NULL, NULL),
(19, '  BROCASIERRA 3     LENOX  ', 19, 'PIEZA', 1, NULL, NULL),
(20, '  BROCHA DE 3       ', 20, 'PIEZA', 1, NULL, NULL),
(21, '  CADENA PULIDA ESLABON DE 38      ', 21, 'MTO', 2, NULL, '2022-11-29 22:53:56'),
(22, '  CAJA METALICA PHERRAMIENTA 20      ', 22, 'PIEZA', 1, NULL, '2022-12-19 22:18:27'),
(23, '  CALADORA MOD. 4327K VEL. VARIABLE 500 3', 100, '23', 1, '0000-00-00 00:00:00', NULL),
(24, 'CARGADOR DE PILA  MCA. MILWAKEE CAT. MIL48591812', 24, 'PIEZA', 1, NULL, '2022-11-17 01:33:18'),
(25, 'CARGADOR DE PILA DE 28 VOLTS MCA. MILWAKEE CAT. MIL48592819', 25, 'PIEZA', 1, NULL, NULL),
(26, 'CARGADOR KENWOOD CAT KSC 35', 26, '', 1, NULL, NULL),
(27, 'CARGADOR PARA LAMPARA MINERA MARCA TAGLITE', 27, 'PIEZA', 1, NULL, NULL),
(28, 'CARGADOR UNIVERSAL C436 MCA HILTI', 28, 'PIEZA', 1, NULL, NULL),
(29, 'CARRETILLA 5.5 PIES CUBICOS CLLANTA DE 4 CAPAS MARCA TRUPER CAT 50ND', 29, 'PIEZA', 1, NULL, NULL),
(30, 'CEPILLOS DE ALAMBRE DE MANGO', 30, 'PIEZA', 1, NULL, NULL),
(31, 'CEPILLOS DE PLASTICO DE PLANCHA No.3420 MARCA PERFECT', 31, 'PIEZA', 1, NULL, NULL),
(32, 'CHISPERO ELECTRONICO PLUSCU', 32, 'PIEZA', 1, NULL, NULL),
(33, 'CHISPERO T320 CADWELD', 33, 'PIEZA', 1, NULL, NULL),
(34, 'CINCEL 38 X 6', 34, 'PIEZA', 1, NULL, NULL),
(35, '  CINCEL CORTE FRIO 1     X 10     CON MANGO PLASTICO  ', 35, 'PIEZA', 1, NULL, NULL),
(36, '  CINCEL CORTE FRIO 1     X 12     GRIP # C 1X12G COD.12181 MCA TRUPER  ', 36, 'PIEZA', 1, NULL, NULL),
(37, 'CINCEL CORTE FRIO C1 X 12G GRIP CON MANGO PLASTICO', 37, 'PIEZA', 1, NULL, NULL),
(38, '  CINCEL PLANO MAKITA 1 18     MODELO 751220A  ', 38, 'PIEZA', 0, NULL, NULL),
(39, '  CINCEL PLANO TE H28P SM50 ROMPEDORA HILTI TE 3000', 0, '39', 1, '0000-00-00 00:00:00', NULL),
(40, '  CINCEL PUNTA MAKITA 1 18     MODELO 751420A  ', 40, 'PIEZA', 1, NULL, NULL),
(41, 'CINCEL PUNTERO TE H28P SM50 ROMPEDORA HILTI TE 3000', 41, 'PIEZA', 1, NULL, NULL),
(42, 'CINCEL SDS 12096 TRUPER', 42, 'PIEZA', 1, NULL, NULL),
(43, 'CINTA METRICA  DE 100 MTS', 43, 'PIEZA', 1, NULL, NULL),
(44, 'CINTA METRICA DE 5 MTS PRETUL CLAVE PRO 5MEC', 44, 'PIEZA', 1, NULL, NULL),
(45, 'CINTA METRICA DE 8 METROS PRETUL', 45, 'PIEZA', 1, NULL, NULL),
(46, '  CINTILLA SUJETACABLE DE PLASTICO 18     NEGRA  ', 46, 'PIEZA', 1, NULL, NULL),
(47, '  CODO CONDUIT GALVANIZADO 2      ', 47, 'PIEZA', 1, NULL, NULL),
(48, 'COMPACTADORA A GASOLINA', 48, 'PIEZA', 1, NULL, NULL),
(49, 'COMPRESOR 12 HP 40 LTS MONOFASICO 110V CAT E040ME050 040 EVANS', 49, 'PIEZA', 1, NULL, NULL),
(50, 'COMPRESOR DE AIRE 3.5 HP 50L.', 50, 'PIEZA', 1, NULL, NULL),
(51, 'COMPRESOR MCA GONY ', 51, 'PIEZA', 1, NULL, NULL),
(52, 'COMPRESOR REMOLCABLE MCA INGERSOLL RAND MODELO 185JD', 52, 'PIEZA', 1, NULL, NULL),
(53, 'CONO PRECAUCION NARANJA CON REFLEJANTE 71 CMS DE LARGO', 53, 'PIEZA', 1, NULL, NULL),
(54, '  CORTA PERNOS 18     CP 18 (CIZALLA)   ', 54, 'PIEZA', 1, NULL, NULL),
(55, '  CORTA PERNOS 30     MARCA URREA   ', 55, 'PIEZA', 1, NULL, NULL),
(56, 'CORTADORA DE CABLE CATALOGO 706 GREENLEE', 56, 'PIEZA', 1, NULL, NULL),
(57, '  CORTADORA DE DISCO 14     MODELO 2414 NB 2000W 3800RPM INDUSTRIAL MARCA MAKITA. No. 3646  ', 57, 'PIEZA', 1, NULL, NULL),
(58, '  CUCHARA ALBA?IL DE 10      ', 58, 'PIEZA', 1, NULL, NULL),
(59, 'DADO 10 MM ENTRADA 38', 59, 'PIEZA', 2, NULL, '2022-11-30 01:37:43'),
(60, '  DADO 30MM ENTRADA 12      ', 60, 'PIEZA', 1, NULL, NULL),
(61, 'DADO 8 MM ENTRADA 38 5208HM URREA', 61, 'PIEZA', 1, NULL, NULL),
(62, '  DADO 9MM ENTRADA 38       ', 62, 'PIEZA', 1, NULL, NULL),
(63, '  DADO CORTO 516 ENTRADA DE 14      ', 63, 'PIEZA', 1, NULL, NULL),
(64, '  DADO CORTO 7MM ENTRADA 14      ', 64, 'PIEZA', 1, NULL, NULL),
(65, '  DADO CORTO 8MM ENTRADA 14      ', 65, 'PIEZA', 1, NULL, NULL),
(66, '  DADO CORTO 932 ENTRADA DE 14      ', 66, 'PIEZA', 1, NULL, NULL),
(67, 'DADO CORTO HEXAGONAL  716 ENTRADA 12', 67, 'PIEZA', 1, NULL, NULL),
(68, '  DADO CORTO HEXAGONAL 12     ENTRADA 38     SURTEK  ', 68, 'PIEZA', 1, NULL, NULL),
(69, '  DADO CORTO HEXAGONAL 1116     ENTRADA 38     SURTEK  ', 69, 'PIEZA', 1, NULL, NULL),
(70, '  DADO CORTO HEXAGONAL 34     ENTRADA 12  ', 70, 'PIEZA', 1, NULL, NULL),
(71, '  DADO CORTO HEXAGONAL 34     ENTRADA 38     SURTEK  ', 71, 'PIEZA', 1, NULL, NULL),
(72, '  DADO CORTO HEXAGONAL 38     ENTRADA 12     PETRUL  ', 72, 'PIEZA', 1, NULL, NULL),
(73, '  DADO CORTO HEXAGONAL 38     ENTRADA 38     SURTEK  ', 73, 'PIEZA', 1, NULL, NULL),
(74, '  DADO CORTO HEXAGONAL 38     ENTRADA 38     TRUPER  ', 74, 'PIEZA', 1, NULL, NULL),
(75, '  DADO CORTO HEXAGONAL 516     ENTRADA 38     SURTEK  ', 75, 'PIEZA', 1, NULL, NULL),
(76, '  DADO CORTO HEXAGONAL 58     ENTRADA 38     SURTEK  ', 76, 'PIEZA', 1, NULL, NULL),
(77, '  DADO CORTO HEXAGONAL 916     ENTRADA 38     SURTEK  ', 77, 'PIEZA', 1, NULL, NULL),
(78, '  DADO DE 12     CON PUNTA ALLLEN DE 12      ', 78, 'PIEZA', 1, NULL, NULL),
(79, '  DADO DE 12     CON PUNTA ALLLEN DE 38      ', 79, 'PIEZA', 1, NULL, NULL),
(80, '  DADO DE 12     CON PUNTA ALLLEN DE 516      ', 80, 'PIEZA', 1, NULL, NULL),
(81, '  DADO DE 12     CON PUNTA ALLLEN DE 716      ', 81, 'PIEZA', 1, NULL, NULL),
(82, '  DADO DE 12     CON PUNTA ALLLEN DE 916      ', 82, 'PIEZA', 1, NULL, NULL),
(83, 'DADO DE 38 ESTRIADO', 83, 'PIEZA', 2, NULL, '2022-11-19 00:43:47'),
(84, 'DADO DTS LARGO 14 716 HEX# 7414L URREA  020307 URREA', 84, 'PIEZA', 1, NULL, NULL),
(85, '  DADO ENTRADA DE     38     DE     716      ', 85, 'PIEZA', 1, NULL, NULL),
(86, 'DADO HEXAGONAL ENTRADA 12   716 #5414H URREA', 86, 'PIEZA', 1, NULL, NULL),
(87, '  DADO HEXAGONAL ENTRADA 14     (12    ) TRUPER  ', 87, 'PIEZA', 1, NULL, NULL),
(88, '  DADO HEXAGONAL STD 12        916      ', 88, 'PIEZA', 1, NULL, NULL),
(89, '  DADO LARGO 10MM ENTRADA 38      ', 89, 'PIEZA', 1, NULL, NULL),
(90, '  DADO LARGO 15MM ENTREDA 38      ', 90, 'PIEZA', 1, NULL, NULL),
(91, '  DADO LARGO HEXAGONAL 12     ENTRADA 12     SURTEK  ', 91, 'PIEZA', 1, NULL, NULL),
(92, '  DADO LARGO HEXAGONAL 1116     ENTRADA 38     SURTEK  ', 92, 'PIEZA', 1, NULL, NULL),
(93, '  DADO LARGO HEXAGONAL 12 MM X 38     SURTEK  ', 93, 'PIEZA', 1, NULL, NULL),
(94, '  DADO LARGO HEXAGONAL 14 MM X 38     SURTEK  ', 94, 'PIEZA', 1, NULL, NULL),
(95, '  DADO LARGO HEXAGONAL 15 MM X 38     SURTEK  ', 95, 'PIEZA', 1, NULL, NULL),
(96, 'DADO LARGO HEXAGONAL 34 ENTRADA 12', 96, 'PIEZA', 1, NULL, NULL),
(97, '  DADO LARGO HEXAGONAL 34     ENTRADA 38     SURTEK  ', 97, 'PIEZA', 1, NULL, NULL),
(98, 'DADO M 14 13 HEX #4713M URREA', 98, 'PIEZA', 1, NULL, NULL),
(99, 'DADO MM  14   11 HEX # D 4711 HM 13173 TRUPER', 99, '', 1, NULL, NULL),
(100, 'DADO MM 38   10 HEX # F5110HM SURTEK 024230SURTEKMAX *', 100, 'PIEZA', 1, NULL, NULL),
(101, 'DADO MM 38 11 13771 TRUPER', 101, 'PIEZA', 1, NULL, NULL),
(102, 'DADO MM 38 15 13775 TRUPER', 102, 'PIEZA', 1, NULL, NULL),
(103, 'DADO MM 38 16 13776 TRUPER', 103, 'PIEZA', 1, NULL, NULL),
(104, 'DADO MM ENTRADA 38  13 #D5213 HM 13677 TRUPER', 104, 'PIEZA', 1, NULL, NULL),
(105, 'DADO MM ENTRADA 38  14 #D5214 HM 13678 TRUPER', 105, 'PIEZA', 1, NULL, NULL),
(106, 'DADO MM LARGO 38   17 HEX # D 5017 HM 13777 TRUPER', 106, 'PIEZA', 1, NULL, NULL),
(107, 'DADO MM LARGO 38 10 1010M URREA', 107, 'PIEZA', 1, NULL, NULL),
(108, 'DADO MM LARGO 38 13 13773 TRUPER', 108, 'PIEZA', 1, NULL, NULL),
(109, 'DADO STD  12   38  HEXAGONAL URREA', 109, 'PIEZA', 1, NULL, NULL),
(110, 'DADO STD  12   716  HEXAGONAL COD 13231 TRUPER', 110, 'PIEZA', 1, NULL, NULL),
(111, 'DADO STD  LARGO HEXAGONAL 716  ENTRADA 12', 111, 'PIEZA', 1, NULL, NULL),
(112, 'DADO STD 12   58 URREA', 112, 'PIEZA', 1, NULL, NULL),
(113, 'DADO STD 12   716 URREA', 113, 'PIEZA', 1, NULL, NULL),
(114, '  DADO STD 12      1   516  DE IMPACTO 7442h  ', 114, 'PIEZA', 1, NULL, NULL),
(115, '  DADO STD 12      34     HEX #13236 TRUPER  ', 115, 'PIEZA', 1, NULL, NULL),
(116, '  DADO STD 12      34     HEX #5324H URREA  ', 116, 'PIEZA', 1, NULL, NULL),
(117, '  DADO STD 12     12     No. 13232 TRUPER  ', 117, 'PIEZA', 1, NULL, NULL),
(118, '  DADO STD 12     1116      URREA  ', 118, 'PIEZA', 1, NULL, NULL),
(119, '  DADO STD 12     58     No. 5820 SURTEK  ', 119, 'PIEZA', 1, NULL, NULL),
(120, '  DADO STD 12     716     No. 58814 SURTEK  ', 120, 'PIEZA', 1, NULL, NULL),
(121, '  DADO STD 12      916 HEX #5814H URREA  ', 121, 'PIEZA', 1, NULL, NULL),
(122, '  DADO STD 12     22 HEX #5322HM MCA URREA  ', 122, 'PIEZA', 1, NULL, NULL),
(123, '  DADO STD 12     38 HEX 13323 TRUPER  ', 123, 'PIEZA', 1, NULL, NULL),
(124, 'DADO STD 14 38 HEX #4712 URREA', 124, 'PIEZA', 1, NULL, NULL),
(125, 'DADO STD 38 14 HEX 13774 TRUPER', 125, 'PIEZA', 1, NULL, '2022-11-25 01:56:22'),
(126, 'DADO STD 38 1516 HEX 13616', 126, 'PIEZA', 1, NULL, NULL),
(127, 'DADO STD 38 17 13777 TRUPER', 127, 'PIEZA', 1, NULL, NULL),
(128, 'DADO STD 38 716 HEX #5214H URREA', 128, 'PIEZA', 1, NULL, NULL),
(129, 'DADO STD 38 716 HEX 13608', 129, 'PIEZA', 1, NULL, NULL),
(130, 'DADO STD LARGO 1 516 ENTRADA 12', 130, 'PIEZA', 1, NULL, NULL),
(131, 'DADO STD LARGO 12   1 5332H', 131, 'PIEZA', 1, NULL, NULL),
(132, 'DADO STD LARGO 12   1 HEXAGONAL COD 13370 TRUPER', 132, 'PIEZA', 1, NULL, NULL),
(133, 'DADO STD LARGO 12   12  HEXAGONAL COD 13325 TRUPER', 133, 'PIEZA', 1, NULL, NULL),
(134, 'DADO STD LARGO 12   1116  HEX COD. 13328 TRUPER', 134, 'PIEZA', 1, NULL, NULL),
(135, 'DADO STD LARGO 12   1316  HEXAGONAL COD 13330 TRUPER', 135, 'PIEZA', 1, NULL, NULL),
(136, 'DADO STD LARGO 12   1316 HEX # 5326H URREA 022547URREA', 136, 'PIEZA', 1, NULL, NULL),
(137, 'DADO STD LARGO 12   1516 HEXAGONAL TRUPER', 137, 'PIEZA', 1, NULL, NULL),
(138, 'DADO STD LARGO 12   34  HEXAGONAL COD 13329 TRUPER', 138, 'PIEZA', 1, NULL, NULL),
(139, 'DADO STD LARGO 12   38 HEXAGONAL COD 13323 TRUPER', 139, 'PIEZA', 1, NULL, NULL),
(140, 'DADO STD LARGO 12   58  HEX COD. 13327 TRUPER', 140, 'PIEZA', 1, NULL, NULL),
(141, 'DADO STD LARGO 12   716  HEXAGONAL COD 13324 TRUPER', 141, 'PIEZA', 1, NULL, NULL),
(142, 'DADO STD LARGO 12   78  5328H', 142, 'PIEZA', 1, NULL, NULL),
(143, 'DADO STD LARGO 12   916  HEX COD. 13326 TRUPER', 143, 'PIEZA', 1, NULL, NULL),
(144, '  DADO STD LARGO 12       1 14     5340H  ', 144, 'PIEZA', 1, NULL, NULL),
(145, 'DADO STD LARGO 14   38 HEX # 4712L URREA 020304URREA', 145, 'PIEZA', 1, NULL, NULL),
(146, 'DADO STD LARGO 14   516 HEX # 4710L URREA 020300URREA', 146, 'PIEZA', 1, NULL, NULL),
(147, 'DADO STD LARGO 38   12  HEX # D 5016 H 13714 TRUPER', 147, 'PIEZA', 1, NULL, NULL),
(148, 'DADO STD LARGO 38   916  HEX # D 5018 H 13715 TRUPER', 148, 'PIEZA', 1, NULL, NULL),
(149, 'DADO STD LARGO HEXAGONAL 12  ENTRADA 12', 149, 'PIEZA', 1, NULL, NULL),
(150, 'DADO STD LARGO HEXAGONAL 38  ENTRADA 12', 150, 'PIEZA', 1, NULL, NULL),
(151, 'DADO TERRAJA 3 A 34 COD. HPTR', 151, '', 1, NULL, NULL),
(152, '  DESARMADOR  PLANO 14     X 6     PRETUL DR 14X6 TP  ', 152, 'PIEZA', 1, NULL, NULL),
(153, '  DESARMADOR  PLANO 14     X 6     TRUPER DR 14X6 P  ', 153, 'PIEZA', 1, NULL, NULL),
(154, 'DESARMADOR 18X6 14023  CLEMERO PLANO', 154, 'PIEZA', 1, NULL, '2023-01-02 22:46:13'),
(155, 'DESARMADOR 18X6 14056  CLEMERO ESTRELLA', 155, 'PIEZA', 1, NULL, NULL),
(156, '  DESARMADOR AISLADOS 1000V 14     X 5 78     PHILIPS #9702  ', 156, 'PIEZA', 1, NULL, NULL),
(157, '  DESARMADOR AISLADOS 1000V 14     X 5 78     PLANO #9716  ', 157, 'PIEZA', 1, NULL, NULL),
(158, '  DESARMADOR CABINET 18     X 6  ', 158, 'PIEZA', 1, NULL, NULL),
(159, 'DESARMADOR CLEMERO 9624 URREA', 159, 'PIEZA', 1, NULL, NULL),
(160, 'DESARMADOR CRUZ  18 X 6', 160, 'PIEZA', 1, NULL, NULL),
(161, 'DESARMADOR CRUZ 14 X 6 PRETUL', 161, 'PIEZA', 1, NULL, NULL),
(162, '  DESARMADOR CRUZ 18     X 4      ', 162, 'PIEZA', 1, NULL, NULL),
(163, 'DESARMADOR CRUZ CLEMERO 18 X 6 PRETUL', 163, 'PIEZA', 1, NULL, NULL),
(164, 'DESARMADOR DE CAJA 12', 164, 'PIEZA', 1, NULL, NULL),
(165, 'DESARMADOR DE CAJA 38', 165, 'PIEZA', 1, NULL, NULL),
(166, 'DESARMADOR DE CAJA 516', 166, 'PIEZA', 1, NULL, NULL),
(167, 'DESARMADOR DE CAJA 716', 167, 'PIEZA', 1, NULL, NULL),
(168, 'DESARMADOR DE CAJA 916', 168, 'PIEZA', 1, NULL, NULL),
(169, 'DESARMADOR P1000 VOLTS 332 X 3 PLANO #9713 URREA 026050URREA', 169, 'PIEZA', 1, NULL, NULL),
(170, 'DESARMADOR P1000V 732 X 5 PLANO # 9715 URREA 024301URREA', 170, 'PIEZA', 1, NULL, NULL),
(171, 'DESARMADOR P1000V NO.0 X 2 38 PHILL # 9700 URREA 120689', 171, 'PIEZA', 1, NULL, NULL),
(172, '  DESARMADOR PHILIPS 14     X 4     PRETUL   ', 172, 'PIEZA', 1, NULL, NULL),
(173, '  DESARMADOR PHILIPS 14     X 6     PRETUL   ', 173, 'PIEZA', 1, NULL, NULL),
(174, '  DESARMADOR PLANO     516 X 6     PRETUL  ', 174, 'PIEZA', 1, NULL, NULL),
(175, '  DESARMADOR PLANO 14     X 4     PRETUL  ', 175, 'PIEZA', 1, NULL, NULL),
(176, '  DESARMADOR PLANO 14     X 6     9616 URREA  ', 176, 'PIEZA', 1, NULL, NULL),
(177, '  DESARMADOR PLANO 14     X 6     PRETUL  ', 177, 'PIEZA', 1, NULL, NULL),
(178, '  DESARMADOR PLANO 18     X 4      ', 178, '', 1, NULL, NULL),
(179, '  DESARMADOR PLANO 18     X 8      ', 179, 'PIEZA', 1, NULL, NULL),
(180, '  DESARMADOR PLANO 38 X 10     MGO ACETATO CAT 14113 TRUPER  ', 180, 'PIEZA', 1, NULL, NULL),
(181, '  DESARMADOR PLANO 38 X 12     MGO ACETATO CAT 14116 TRUPER  ', 181, 'PIEZA', 1, NULL, NULL),
(182, 'DESARMADOR PLANO CLEMERO 18 X 6 PRETUL ', 182, 'PIEZA', 1, NULL, NULL),
(183, '  DESARMADOR PUNTA DE CAJA DE 12     DJ12  ', 183, 'PIEZA', 1, NULL, NULL),
(184, '  DESARMADOR PUNTA DE CAJA DE 14     DJ14  ', 184, 'PIEZA', 1, NULL, NULL),
(185, '  DESARMADOR PUNTA DE CAJA DE 38     DJ38  ', 185, 'PIEZA', 1, NULL, NULL),
(186, '  DESARMADOR PUNTA DE CAJA DE 516     DJ516  ', 186, 'PIEZA', 1, NULL, NULL),
(187, '  DESARMADOR PUNTA DE CAJA DE 716     DJ716  ', 187, 'PIEZA', 1, NULL, NULL),
(188, 'DETECTOR DE VOLTAJE MCA. MILWAUKEE CAT. 2202 20', 188, 'PIEZA', 1, NULL, NULL),
(189, '  DISCO P CONCRETO 7     RANURADO  ', 189, 'PIEZA', 1, NULL, NULL),
(190, '  DOBLADOR PATA DE CABRA 1     PTUBO PARED GRUESA  ', 190, 'PIEZA', 1, NULL, NULL),
(191, 'DOBLADOR PATA DE CABRA 34 P PARED GRUESA', 191, 'PIEZA', 1, NULL, NULL),
(192, '  EMBUDO PLASTICO 6     FLEXIBLE C FILTRO #SH2128 DOGOTULS 079824  ', 192, 'PIEZA', 1, NULL, NULL),
(193, 'EQUIPO PUESTA A TIERRA CAT JMR HT24 MCA HETSA', 193, 'PIEZA', 1, NULL, '2022-12-23 00:29:13'),
(194, 'ESCALERA DE TIJERA CAT. C 3017 6', 194, '', 1, NULL, NULL),
(195, 'ESCALERA DE TIJERA CAT. C 3017 8', 195, 'PIEZA', 1, NULL, NULL),
(196, '  ESCALERA EXTENCION 32      ', 196, 'PIEZA', 1, NULL, NULL),
(197, 'ESCALERA EXTENSION FIBRA DE VIDRIO G 534 20? USO IND. EXTRA PESADO ', 197, 'PIEZA', 1, NULL, NULL),
(198, 'ESCALERA EXTENSION FIBRA DE VIDRIO G 534 28 N USO IND. EXTRA PESADO No.3683', 198, 'PIEZA', 1, NULL, NULL),
(199, '  ESCALERA EXTENSION FIBRA DE VIDRIO G 534 32 N', 0, '199', 1, '0000-00-00 00:00:00', NULL),
(200, 'ESCALERA TIJERA FIBRA DE VIDRIO G 686 06 USO INDUSTRIAL EXTRA PESADO J71699CUPRUM', 200, 'PIEZA', 1, NULL, NULL),
(201, 'ESCALERA TIJERA FIBRA DE VIDRIO G 686 08 USO IND. EXTRA PESADO 1A COLOR ROJA CUPRUM', 201, 'PIEZA', 1, NULL, NULL),
(202, 'ESCALERA TIJERA FIBRA DE VIDRIO G 686 10 USO IND. EXTRA PESADO 1A MARCA CUPRUM', 202, 'PIEZA', 1, NULL, NULL),
(203, 'ESCALERA TIJERA FIBRA VIDRIO 12 PIES MCA. CUPRUM CAT C 3017 12 ', 203, 'PIEZA', 1, NULL, NULL),
(204, 'ESCALERA TIJERA FIBRA VIDRIO 8 PELDA?OS MCA. CUPRUM CAT C 3017 08 ', 204, '', 1, NULL, NULL),
(205, 'ESCOBA PE?OLERA', 205, 'PIEZA', 1, NULL, NULL),
(206, '  ESCUADRA COMBINACION 12     ECT 12  ', 206, 'PIEZA', 1, NULL, NULL),
(207, '  ESCUADRA DE CANTERO 12     TRUPER  ', 207, 'PIEZA', 1, NULL, NULL),
(208, '  ESCUADRA DE CANTERO 16     TRUPER  ', 208, 'PIEZA', 1, NULL, NULL),
(209, '  ESCUADRA DE CANTERO 24      ', 209, 'PIEZA', 1, NULL, NULL),
(210, '  ESLINGA 3     X 4.2 MT EE2 93P14 DOBLE POLIESTER COJILLO  ', 210, 'PIEZA', 1, NULL, NULL),
(211, 'ESLINGA DE AMARRE CON MATRACA 5 MTS  SU 2250C', 211, 'PIEZA', 1, NULL, NULL),
(212, 'ESLINGA DE CARGA 2 TON DE LARGO 6 MTS CAT EE2 92P20 ', 212, 'PIEZA', 1, NULL, NULL),
(213, '  ESLINGA POLIESTER 2     X 6.0 MTS DOBLE C OJILLOS EE2 92P20 VIKING 081185  ', 213, 'PIEZA', 1, NULL, NULL),
(214, '  ESPATULA DE  3       ', 214, 'PIEZA', 1, NULL, NULL),
(215, '  ESPATULA DE  4      MADERA  ', 215, 'PIEZA', 1, NULL, NULL),
(216, 'EXACTO  PLASTICO TRUPER 16974', 216, 'PIEZA', 1, NULL, NULL),
(217, 'EXTENCION', 217, 'PIEZA', 1, NULL, NULL),
(218, '  EXTENSION DE MATRACA DE 12      10      ', 218, 'PIEZA', 1, NULL, NULL),
(219, '  EXTENSION MECANICA 12     X 10     5463  ', 219, 'PIEZA', 1, NULL, NULL),
(220, '  EXTENSION MECANICA 12     X 5     # F5861 SURTEK  ', 220, 'PIEZA', 1, NULL, NULL),
(221, '  EXTENSION MECANICA 12     X 6      ', 221, 'PIEZA', 1, NULL, NULL),
(222, '  EXTENSION MECANICA 14     X 3       ', 222, 'PIEZA', 1, NULL, NULL),
(223, '  EXTENSION MECANICA 38     X 3     # F5160 SURTEK 023473SURTEKMAX  ', 223, 'PIEZA', 1, NULL, NULL),
(224, '  EXTENSION MECANICA 38     X 6     SURTEK  ', 224, 'PIEZA', 1, NULL, NULL),
(225, '  EXTENSION MECANICA 38     X 6     TRUPER  ', 225, 'PIEZA', 1, NULL, NULL),
(226, 'EXTENSION PARA MATRACA 12 X 5', 226, 'PIEZA', 1, NULL, NULL),
(227, 'EXTINTOR 6 KG POLVO QUIMICO ', 227, 'PIEZA', 1, NULL, NULL),
(228, 'EXTINTOR DE CO2 DE 6 KG', 228, 'PIEZA', 1, NULL, NULL),
(229, 'EXTRACTOR DE FUSIBLES UNIVERSAL CAT 10 094 HASTINGS', 229, 'PIEZA', 1, NULL, NULL),
(230, 'EXTRACTOR DE POLEAS CAT 14506', 230, 'PIEZA', 1, NULL, NULL),
(231, '  FLEJADORA MAQ. REST. PARA ACERO 38       34     INOX. 260  ', 231, 'PIEZA', 1, NULL, NULL),
(232, 'FLEXOMETRO 3 MTOS PRETUL CAT 21607', 232, 'PIEZA', 1, NULL, '2022-12-16 23:03:12'),
(233, 'FLEXOMETRO 5 MTS CAT 21608 PRETUL', 233, 'PIEZA', 1, NULL, NULL),
(234, 'FLEXOMETRO 5 MTS TRUPER', 234, 'PIEZA', 1, NULL, NULL),
(235, 'FLEXOMETRO 8 MTOS PRETUL CAT 21603', 235, 'PIEZA', 1, NULL, NULL),
(236, 'FLOTA DE ESPONJA', 236, 'PIEZA', 1, NULL, NULL),
(237, 'GARRUCHA 5 TONELADAS', 237, 'PIEZA', 1, NULL, NULL),
(238, '  GARRUCHA FIERRO DOBLE 34     #6 FIJA 14GARRUCO54SM  ', 238, 'PIEZA', 1, NULL, NULL),
(239, 'GARRUCHA SENCILLA #5', 239, '', 1, NULL, NULL),
(240, 'GARRUCHA SENCILLA #6', 240, 'PIEZA', 1, NULL, NULL),
(241, 'GARRUCHA TRUPER 1.5 TONELADAS DE CADENA', 241, 'PIEZA', 1, NULL, NULL),
(242, 'GATO HIDREAULICO TELESCOPICO FOSA PTRANSMISION 450KG#2488 URREA', 242, 'PIEZA', 1, NULL, NULL),
(243, 'GENERADOR DE ENERGIA   EU  22IT L. GENERADOR DE ENERGIA PORTATIL HONDA 4 TIEMPOS', 243, '', 1, NULL, NULL),
(244, 'GRILLETE 58', 244, 'PIEZA', 1, NULL, NULL),
(245, 'GUANTES  DIELECTRICOS PARA 17 KV', 245, 'PIEZA', 2, NULL, '2022-12-15 01:51:26'),
(246, 'GUIA DE CAJA DE 60 MTS. MARCA TULMEX', 246, 'PIEZA', 1, NULL, NULL),
(247, 'GUIA PARA CABLEAR DE 30 MTS. 14 A30 KLEIN TOLS', 247, 'PIEZA', 1, NULL, NULL),
(248, 'HERRAMIENTA LBIT 1T PARA COLOCACION DE BUSHING', 248, 'PIEZA', 1, NULL, NULL),
(249, '  HERRAMIENTA PARA PRENSAR TEMINALES AISLADAS CAT CTI6', 0, '249', 1, '0000-00-00 00:00:00', NULL),
(250, 'HIDROLAVADORA 2.0 HP CAT LP 70R MIKELS', 250, 'PIEZA', 1, NULL, NULL),
(251, 'JGO DE HERRAMIENTA P PUESTA TIERRA DE PRECIPITADOR ELECTROSTATICO HASTINGS', 251, 'PIEZA', 2, NULL, '2022-12-15 00:18:05'),
(252, '  JGO PEINE 4PJ 2 12     NPT HS # 38220 RIDGID  ', 252, 'PIEZA', 1, NULL, '2022-12-23 00:28:19'),
(253, '  JGO PEINE PTUBO 2 12       4     NPT AV # 26192 MCA RIDGID  ', 253, 'PIEZA', 1, NULL, NULL),
(254, 'JGO. DE DESARMADORES DE CAJA 5MM A 11MM CODIGO 9230M URREA', 254, 'JGO', 1, NULL, NULL),
(255, 'JUEGO ADAPTADOR DE CAJA 14 716 BLISTER 4 PZAS COD 16875', 255, 'PIEZA', 1, NULL, NULL),
(256, '  JUEGO DADO MM ENTRADA 12     #JD 12X10M  ', 256, 'JGO', 1, NULL, NULL),
(257, 'JUEGO DADO PUNTA ALLEN STD 12  7 PIEZAS CAT 54417 URREA', 257, 'JGO', 1, NULL, NULL),
(258, 'JUEGO DADO STD ENTRADA 12 CAT JD 12X10P', 258, 'JGO', 1, NULL, NULL),
(259, '  JUEGO DADO STD ENTRADA 38     #JD 38X10SAE P  ', 259, 'JGO', 1, NULL, NULL),
(260, 'JUEGO DE 7 DADOS PUNTA HEXAGONAL CAT 14169', 260, 'JGO', 1, NULL, NULL),
(261, '  JUEGO DE DADOS     38     A     1316     ENTRADA     12     cat S01S SURTEK  ', 261, 'JGO', 1, NULL, NULL),
(262, '  JUEGO DE DADOS     38     A     78     ENTRADA     12      ', 262, 'JGO', 1, NULL, NULL),
(263, '  JUEGO DE DADOS DE 38 A 78 ENTREDA DE 38      ', 263, 'JGO', 1, NULL, NULL),
(264, 'JUEGO DE DADOS STD 12 A 1516 ENTRADA 12 21170', 264, 'JGO', 1, NULL, NULL),
(265, 'JUEGO DE LLAVE ALLEN MM ( 1.5 MM   10 MM ) BOLA 9PZS # 4996 URREA 022197URREA', 265, 'JGO', 1, NULL, NULL),
(266, 'JUEGO DE LLAVE ALLEN MM ( 2 MM   8 MM ) 7 PZAS # 4977BM URREA', 266, 'PIEZA', 1, NULL, NULL),
(267, 'JUEGO DE LLAVE ALLEN MM ( 2.5 MM   10 MM ) 7 PZAS # 15548 TRUPER', 267, 'JGO', 1, NULL, NULL),
(268, 'JUEGO DE LLAVES MIXTA 38   78 CAT.J 129P', 268, 'JGO', 1, NULL, NULL),
(269, 'JUEGO DE LLAVES MIXTA MM # JC 11M 11 PZA DE 6 A 22 COD. 21991', 269, 'PIEZA', 1, NULL, NULL),
(270, 'JUEGO DE PEINE DE TARRAJA DE 34 (2 PIEZAS POR JUEGO)', 270, 'LOTE', 1, NULL, NULL),
(271, 'JUEGO DESARMADORES AISLADOS 1000 V C6', 271, 'JGO', 1, NULL, NULL),
(272, 'JUEGO DESARMADORES CAT JDM24 MCA TRUPER', 272, 'JGO', 1, NULL, NULL),
(273, 'JUEGO DESARMADORES COMBINADO PUNTAS PLANAS PHILLIPS 5 PZS #DTJ 5B', 273, 'JGO', 1, NULL, NULL),
(274, 'JUEGO LLAVES ALLEN CHICO #4977B PLASTICO CHICO', 274, 'JGO', 1, NULL, NULL),
(275, 'JUEGO LLAVES ALLEN STD 532   38 6 PZA #4994B URREA (JUEGO) PLASTICA GRANDE', 275, 'PIEZA', 1, NULL, NULL),
(276, 'JUEGO LLAVES TORX 8 TIPO NAVAJA CAT.4977 TX CAJA PLASTICA', 276, 'PIEZA', 1, NULL, NULL),
(277, 'JUEGO SEGUETAS PARA CALADORA UNIVERSAL ', 277, 'JGO', 1, NULL, NULL),
(278, '  KIT HERRAMIENTA ELECTRICA', 0, ' CORTADORA Y PONCHADORA  RE6 TOOL+2 HEADS G2+LIO   ', 278, '0000-00-00 00:00:00', '0000-00-00 00:00:00'),
(279, 'LAMPARA DE MANO', 279, 'PIEZA', 1, NULL, NULL),
(280, '  LIMA PLANA BASTARDA 12     FB 12  ', 280, 'PIEZA', 2, NULL, '2022-11-25 01:35:43'),
(281, '  LIMA PLANA BASTARDA 4     a 5      ', 281, 'PIEZA', 1, NULL, NULL),
(282, '  LIMA REDONDA BASTARDA 10     RB10  ', 282, 'PIEZA', 1, NULL, NULL),
(283, 'LIMA ROTATIVA SA 3 DC #102', 283, 'PIEZA', 1, NULL, NULL),
(284, 'LIMA ROTATIVA SF 5 DC #120', 284, 'PIEZA', 1, NULL, NULL),
(285, '  LIMATON     38 X 12      ', 285, 'PIEZA', 1, NULL, NULL),
(286, '  LIMATON 110     BURDO  ', 286, 'PIEZA', 1, NULL, NULL),
(287, '  LIMATON 12      ', 287, 'PIEZA', 1, NULL, NULL),
(288, 'LLANA ALBA?IL ', 288, 'PIEZA', 1, NULL, NULL),
(289, '  LLANA', 0, ' CANTO REDONDO', 10, '0000-00-00 00:00:00', '0000-00-00 00:00:00'),
(290, '  LLAVE AJUSTABLE 12     PAVONADA # PET 12PPB COD.21825 PRETUL 022449 PRETUL  ', 290, 'PIEZA', 1, NULL, NULL),
(291, 'LLAVE ALLEN 12 URREA 49 12', 291, 'PIEZA', 1, NULL, NULL),
(292, 'LLAVE ALLEN 316 URREA', 292, 'PIEZA', 1, NULL, NULL),
(293, '  LLAVE ALLEN 38     URREA  ', 293, 'PIEZA', 1, NULL, NULL),
(294, 'LLAVE ALLEN 716 49 716 URREA', 294, 'PIEZA', 1, NULL, NULL),
(295, 'LLAVE ALLEN 916 49 916 URREA', 295, 'PIEZA', 1, NULL, NULL),
(296, '  LLAVE ALLEN STD 516     LARGA MCA URREA  ', 296, 'PIEZA', 1, NULL, NULL),
(297, '  LLAVE MIXTA 1 12     TRUPER  ', 297, 'PIEZA', 1, NULL, NULL),
(298, '  LLAVE MIXTA 1 14      ', 298, 'PIEZA', 1, NULL, NULL),
(299, '  LLAVE MIXTA 1     PRETUL  ', 299, 'PIEZA', 1, NULL, NULL),
(300, '  LLAVE MIXTA 12     140616 FOY  ', 300, 'PIEZA', 1, NULL, NULL),
(301, '  LLAVE MIXTA 12     PRETUL  ', 301, 'PIEZA', 1, NULL, NULL),
(302, '  LLAVE MIXTA 10MM      ', 302, 'PIEZA', 1, NULL, NULL),
(303, '  LLAVE MIXTA 1116     PRETUL  ', 303, 'PIEZA', 1, NULL, NULL),
(304, '  LLAVE MIXTA 1116     TRUPER  ', 304, 'PIEZA', 1, NULL, NULL),
(305, '  LLAVE MIXTA 1316      PRETUL  ', 305, 'PIEZA', 1, NULL, NULL),
(306, '  LLAVE MIXTA 1316      TRUPER  ', 306, 'PIEZA', 1, NULL, NULL),
(307, 'LLAVE MIXTA 1516 MARCA PRETUL 1516', 307, 'PIEZA', 1, NULL, NULL),
(308, '  LLAVE MIXTA 22MM      ', 308, 'PIEZA', 1, NULL, NULL),
(309, '  LLAVE MIXTA 28MM      ', 309, 'PIEZA', 1, NULL, NULL),
(310, '  LLAVE MIXTA 34     PRETUL  ', 310, 'PIEZA', 1, NULL, NULL),
(311, '  LLAVE MIXTA 38     PRETUL  ', 311, 'PIEZA', 1, NULL, NULL),
(312, '  LLAVE MIXTA 30MM      ', 312, 'PIEZA', 1, NULL, NULL),
(313, 'LLAVE MIXTA 516', 313, 'PIEZA', 1, NULL, NULL),
(314, 'LLAVE MIXTA 516  PRETUL', 314, 'PIEZA', 1, NULL, NULL),
(315, 'LLAVE MIXTA 58', 315, 'PIEZA', 1, NULL, NULL),
(316, '  LLAVE MIXTA 716      ', 316, 'PIEZA', 1, NULL, NULL),
(317, '  LLAVE MIXTA 716     PRETUL  ', 317, 'PIEZA', 1, NULL, NULL),
(318, '  LLAVE MIXTA 716     TRUPER  ', 318, 'PIEZA', 1, NULL, NULL),
(319, 'LLAVE MIXTA 78', 319, 'PIEZA', 1, NULL, NULL),
(320, 'LLAVE MIXTA 916 140618 FOY', 320, 'PIEZA', 1, NULL, NULL),
(321, '  LLAVE MIXTA 916     PRETUL  ', 321, 'PIEZA', 1, NULL, NULL),
(322, 'LLAVE MIXTA MM 10  PRETUL', 322, 'PIEZA', 1, NULL, NULL),
(323, 'LLAVE MIXTA MM 8 #LL 1210M 15614 TRUPER', 323, 'PIEZA', 1, NULL, NULL),
(324, 'LLAVE MIXTA STD 12', 324, 'PIEZA', 1, NULL, NULL),
(325, 'LLAVE MIXTA STD 14  PRETUL', 325, 'PIEZA', 1, NULL, NULL),
(326, 'LLAVE PARA BROQUERO MODELO LL BRO 12', 326, 'PIEZA', 1, NULL, NULL),
(327, 'LLAVE PARA TALADRO DE 12', 327, 'PIEZA', 1, NULL, NULL),
(328, '  LLAVE PERICA 10     TRUPER  ', 328, 'PIEZA', 1, NULL, NULL),
(329, '  LLAVE PERICA 12     PRETUL  ', 329, 'PIEZA', 1, NULL, NULL),
(330, '  LLAVE PERICA 12     TRUPER  ', 330, 'PIEZA', 1, NULL, NULL),
(331, '  LLAVE PERICA 12     URREA  ', 331, 'PIEZA', 1, NULL, NULL),
(332, '  LLAVE PERICA 15     TRUPER  ', 332, 'PIEZA', 1, NULL, NULL),
(333, '  LLAVE STEELSON 12     # STI 12P COD. 22012 PRETUL  ', 333, 'PIEZA', 1, NULL, NULL),
(334, '  LLAVE STEELSON 8     MCA PRETUL  ', 334, 'PIEZA', 1, NULL, NULL),
(335, 'LLAVE STEELSON No. 12 URREA', 335, 'PIEZA', 1, NULL, NULL),
(336, 'LLAVE STEELSON No. 14 URREA y TRUPER', 336, 'PIEZA', 1, NULL, NULL),
(337, 'LLAVE STEELSON No.18 PRETUL', 337, 'PIEZA', 1, NULL, NULL),
(338, '  LLAVE UNIVERSAL CON  CADENA 4     801 URREA  ', 338, 'PIEZA', 1, NULL, NULL),
(339, 'LLAVERO ALLEN MM URREA PLASTICO  AZUL 4977MB', 339, 'PIEZA', 1, NULL, NULL),
(340, 'LLAVES ALLEN MILIMETRICO 4977BM (JUEGO) NAVAJA PLASTICA CHICO', 340, 'PIEZA', 1, NULL, NULL),
(341, 'LONA 2.0 X 3.0 MTS REFORZADA GRIS #LT COD 15361 TRUPER', 341, 'PIEZA', 1, NULL, NULL),
(342, 'LONA LT  5 5.0 X 5.0 MTS TRUPER', 342, 'PIEZA', 1, NULL, NULL),
(343, 'MALETA PORTA HERRAMIENTA 17 COMPARTIMENTOS #MH 17 MIKELS', 343, 'PIEZA', 2, NULL, '2022-12-15 01:52:04'),
(344, 'MANDRIL PBROCA SIERRA 38 MAND 38', 344, 'PIEZA', 1, NULL, NULL),
(345, 'MANDRIL PBROCA SIERRA 716 MAND  716', 345, 'PIEZA', 1, NULL, NULL),
(346, 'MAQUINA DE SOLDAR INVERSORA 300A CAR ARC 300DV MCA. MARAGA', 346, '', 1, NULL, NULL),
(347, 'MAQUINA DE SOLDAR MI 3 400 MCA INFRA', 347, 'PIEZA', 1, NULL, NULL),
(348, 'MAQUINA DE SOLDAR MI 3 500 MCA INFRA', 348, 'PIEZA', 1, NULL, NULL),
(349, 'MARCADOR DE METAL BRITE MARK  PUNTA DE FIELTRO BLANCO DYKEM', 349, 'PIEZA', 1, NULL, NULL),
(350, 'MARRO 12 LBS MD 12', 350, 'PIEZA', 1, NULL, NULL),
(351, 'MARRO 3 LBS # MD 3M (1.53 KG) No.3692 TRUPER', 351, 'PIEZA', 1, NULL, NULL),
(352, 'MARRO 3LBS MARR3 SURTEK', 352, 'PIEZA', 1, NULL, NULL),
(353, 'MARRO 4 LBS C MGO FIBRA DE VIDRIO # MD 4F COD 16536', 353, 'PIEZA', 1, NULL, NULL),
(354, 'MARRO DE 16 LB CAT MD16 M', 354, 'PIEZA', 1, NULL, NULL),
(355, 'MARTILLO BOLA 2.5 LBS', 355, 'PIEZA', 1, NULL, NULL),
(356, 'MARTILLO BOLA DE 3 LBS MD 48', 356, 'PIEZA', 1, NULL, NULL),
(357, 'MARTILLO BOLA GRANDE MB 40', 357, 'PIEZA', 1, NULL, NULL),
(358, 'MARTILLO U?A', 358, 'PIEZA', 1, NULL, NULL),
(359, 'MARTILLO U?A SJ 20  CAT 16755 TRUPER', 359, 'PIEZA', 1, NULL, NULL),
(360, 'MATRACA 14 URREA CAT 4749', 360, 'PIEZA', 1, NULL, NULL),
(361, '  MATRACA 38     PETRUL  ', 361, 'PIEZA', 1, NULL, NULL),
(362, '  MATRACA CUADRO 14     CABEZA PERA #4449 SURTEK  ', 362, 'PIEZA', 1, NULL, NULL),
(363, '  MATRACA REVERSIBLE     14     # 4749N COD 13214 TRUPER  ', 363, 'PIEZA', 1, NULL, NULL),
(364, '  MATRACA REVERSIBLE     38     # M 5249 COD 13659 TRUPER  ', 364, 'PIEZA', 1, NULL, NULL),
(365, 'MATRACA REVERSIBLE 12  21150 PRETUL', 365, 'PIEZA', 1, NULL, NULL),
(366, 'MATRACA REVERSIBLE 12  21152  PRETUL', 366, 'PIEZA', 1, NULL, NULL),
(367, 'MATRACA REVERSIBLE 12 PRETUL', 367, 'PIEZA', 1, NULL, NULL),
(368, '  MATRACA REVERSIBLE 12     # F5849 SURTEK  ', 368, 'PIEZA', 1, NULL, NULL),
(369, '  MATRACA REVERSIBLE 12     # M5452 PRETUL  ', 369, 'PIEZA', 1, NULL, NULL),
(370, '  MATRACA REVERSIBLE 38       SURTEK F5149  ', 370, 'PIEZA', 1, NULL, NULL),
(371, '  MATRACA REVERSIBLE 38     URREA  ', 371, 'PIEZA', 1, NULL, NULL),
(372, 'MINI PULIDOR DE 4 12 MCA MILWAKEE  MOD 6140 30', 372, 'PIEZA', 1, NULL, NULL),
(373, 'MONTACARGA DE PALANCA 1.5 TON #9685 20 MILWAUKEE', 373, 'PIEZA', 1, NULL, NULL),
(374, '  MONTACARGA DE PALANCA 1.5 TONELADAS MARCA     CM    ', 0, '374', 1, '0000-00-00 00:00:00', NULL),
(375, 'MONTACARGA DE PALANCA 1.5 TONS. MARCA YALE UNO 1500', 375, 'PIEZA', 1, NULL, NULL),
(376, '  MOTOSIERRA MARCA PRETUL 20      ', 376, 'PIEZA', 1, NULL, NULL),
(377, '  MULTIFUNIONAL EPSON L380  CON SISTEMA DE TANQUE DE TINTA.  ', 377, 'PIEZA', 1, '0000-00-00 00:00:00', '0000-00-00 00:00:00'),
(378, 'MULTIMETRO Y PROBADOR LAN 2 EN 1 MCA TENMA CAT ', 378, 'PIEZA', 1, NULL, NULL),
(379, 'NAVAJA MULTIUSOS AMARILLA NF 6 SURTEK (EXACTO)', 379, 'PIEZA', 1, NULL, NULL),
(380, 'NAVAJA MULTIUSOS NM 6P PRETUL', 380, 'PIEZA', 2, NULL, '2023-01-02 22:45:24'),
(381, '  NIVEL 3 GOTAS 18     # NP 18 TRUPER  ', 381, 'PIEZA', 1, NULL, NULL),
(382, '  NIVEL 3 GOTAS 24     # NP 24 COD. 17036 TRUPER  ', 382, 'PIEZA', 1, NULL, NULL),
(383, 'NIVEL 3 GOTAS MAGNETICO', 383, 'PIEZA', 1, NULL, NULL),
(384, '  NIVEL TORPEDO 9     No.NTX 9   ', 384, 'PIEZA', 1, NULL, NULL),
(385, 'PALA CUADRADA 22511', 385, 'PIEZA', 1, NULL, NULL),
(386, 'PALA REDONDA MANGO LARGO', 386, 'PIEZA', 1, NULL, NULL),
(387, 'PALA REDONDA MANGO LARGO TRUPER PRL P', 387, 'PIEZA', 1, NULL, NULL),
(388, 'PATIN TRANSPARENTE HIDR 3.0 TON ELEVACION 190MM #PAT 3NY COD. 15083 TRUPER', 388, 'PIEZA', 1, NULL, NULL),
(389, 'PELADORA DE CABLE MILWAUKEE CAT 2935CU 21', 389, 'PIEZA', 1, NULL, NULL),
(390, 'PERTIGA CON GANCHO DE RESCATE FIBRA DE VIDRIO DE 1.80MTO', 390, 'PIEZA', 1, NULL, NULL),
(391, '  PERTIGA TELESCOPICA TRIANGULAR 2.4 M', 391, 'PIEZA n', 1, '0000-00-00 00:00:00', NULL),
(392, 'PICO CAT 18649', 392, 'PIEZA', 1, NULL, NULL),
(393, 'PINZA AMPERIMETRO MCA FLIR CAT FLIR CM78', 393, 'PIEZA', 1, NULL, NULL),
(394, '  PINZA CORTATUBO DE PLASTICO MCA TRUPER 2 12     CAT COT PVC X   ', 394, 'PIEZA', 1, NULL, NULL),
(395, '  PINZA CORTE DIAGONAL 6      MODELO T202 6 TRUPER  ', 395, 'PIEZA', 1, NULL, NULL),
(396, '  PINZA CORTE DIAGONAL 8      228 8 TULMEX  ', 396, 'PIEZA', 1, NULL, NULL),
(397, '  PINZA DE PRESION 10     PRETUL  ', 397, 'PIEZA', 1, NULL, NULL),
(398, '  PINZA DE PRESION 10     TRUPER  ', 398, 'PIEZA', 1, NULL, NULL),
(399, '  PINZA DE PRESION 10     VISE GRIP  ', 399, 'PIEZA', 1, NULL, NULL),
(400, '  PINZA DE PRESION 11     TIPO C COD 17417 TRUPER  ', 400, 'PIEZA', 2, NULL, '2022-12-20 22:09:24'),
(401, '  PINZA DE PUNTA DE 6      ', 401, 'PIEZA', 1, NULL, NULL),
(402, '  PINZA ELECTRICISTA 8     PROFESIONAL COD 17304 TRUPER  ', 402, 'PIEZA', 2, NULL, '2023-01-09 22:50:28'),
(403, '  PINZA ELECTRICISTA 9 12     P1000V USO EXTRAPESADO # 269GHLV URREA  ', 403, 'PIEZA', 1, NULL, NULL),
(404, '  PINZA ELECTRICISTA 9     215 9 TULMEX   ', 404, 'PIEZA', 2, NULL, '2022-12-20 01:58:36'),
(405, '  PINZA ELECTRICISTA 9     259GHL URREA  ', 405, 'PIEZA', 2, NULL, '2022-12-20 01:58:33'),
(406, '  PINZA ELECTRICISTA 9     PRETUL CAT 12351  ', 406, 'PIEZA', 2, NULL, '2022-12-20 22:09:18'),
(407, '  PINZA MECANICO 10     17302 TRUPER  ', 407, 'PIEZA', 2, NULL, '2023-01-03 01:14:11'),
(408, 'PINZA PONCHADORA CAL 6 16', 408, 'PIEZA', 0, NULL, NULL),
(409, 'PINZA PONCHADORA MECANICA PARA CAL 8 250KCM MCA BURNDY CAT MY293', 409, 'PIEZA', 2, NULL, '2022-12-22 00:45:50'),
(410, 'PINZA PONCHADORA PARA TERMINAL HUECA MCA WAGO PARA CAL. 12 24. CAT 206 204', 410, 'PIEZA', 2, NULL, '2022-12-21 23:08:04'),
(411, '  PINZA PRESION 11     CAT 266R URREA  ', 411, 'PIEZA', 2, NULL, '2022-12-21 23:07:24'),
(412, '  PINZA PUNTA 6     TRUPER  ', 412, 'PIEZA', 2, NULL, '2022-12-21 23:06:22'),
(413, 'PINZA PUNTA CURVA #17337 TRUPER', 413, 'PIEZA', 2, NULL, '2022-12-21 23:04:40'),
(414, 'PINZAS PERRAS TRUPER', 414, 'PIEZA', 2, NULL, '2022-12-21 23:01:33'),
(415, 'PINZAS PONCHADORA PARA TERMINAL', 415, 'PIEZA', 2, NULL, '2022-12-21 22:59:05'),
(416, '  PINZAS PUNTA DE     6     TRUPER  ', 416, 'PIEZA', 2, NULL, '2022-12-20 22:09:08'),
(417, 'PISTOLA DE AIRE CALIENTE MCA URREA CAT PC800A', 417, 'PIEZA', 2, NULL, '2022-12-20 22:08:37'),
(418, 'PISTOLA P PINTAR DE GRAVEDAD VASO PLASTICO # 351 MCA GONI', 418, 'PIEZA', 2, NULL, '2022-12-21 22:53:23'),
(419, 'PISTOLA PARA CALAFATEAR PICA X TIPO ESQUELETO TRUPER', 419, 'PIEZA', 2, NULL, '2022-12-19 22:17:21'),
(420, 'PISTOLA PARA PINTAR MODELO 33010 MARCA GONY', 420, 'PIEZA', 2, NULL, '2022-12-19 22:16:39'),
(421, 'PISTOLA PARA SILICON 17558 TRUPER', 421, 'PIEZA', 2, NULL, '2022-12-15 01:56:30'),
(422, 'PLANA DE MADERA', 422, 'PIEZA', 2, NULL, '2022-12-15 01:47:08'),
(423, 'PLANTA GENERADORA', 423, 'PIEZA', 2, NULL, '2022-12-15 00:10:14'),
(424, 'PLOMADA BRONCE 16 OZ CAT 17072 TRUPER', 424, 'PIEZA', 2, NULL, '2022-12-15 00:04:18'),
(425, 'POLEA SENCILLA CON GANCHO', 425, 'PIEZA', 2, NULL, '2022-12-13 01:51:29'),
(426, '  POLIPASTO CADENA CAP 3 TON MCA TRUPER', 426, 'PIEZA', 2, '0000-00-00 00:00:00', '2022-12-13 01:50:13'),
(427, 'POLIPASTO PALANCA 1.5  TONELADAS CAT. 16842', 427, 'PIEZA', 2, NULL, '2022-12-13 01:44:58'),
(428, 'POLIPASTO PALANCA 3 TONELADAS CAT. 16843', 428, 'PIEZA', 2, NULL, '2022-12-13 00:45:26'),
(429, '  POSTE CON BASE NEGRA', 429, 'PIEZA', 2, '0000-00-00 00:00:00', '2022-12-13 00:34:35'),
(430, 'PRENSA CADENA #210 URREA PARA BANCO PRENSA', 430, 'PIEZA', 2, NULL, '2022-12-13 00:34:34'),
(431, '  PRENSA NODULAR DE 6     #107056 SURTEK  ', 431, 'PIEZA', 2, NULL, '2022-12-13 00:32:50'),
(432, '  PRENSA NODULAR DE 6     MCA TORILLO  ', 432, 'PIEZA', 2, NULL, '2022-12-13 00:32:13'),
(433, '  PULIDOR ANGULAR 4 12     MILWAUKEE  DE 7.5 AMP INDUSTRIAL#6140 30  ', 433, 'PIEZA', 2, NULL, '2022-12-13 00:17:03'),
(434, '  PULIDOR DE 7? MOD.GA7020 6', 434, 'PIEZA', 2, '0000-00-00 00:00:00', '2022-12-12 23:18:26'),
(435, '  PULIDOR DE DISCO 9     MOD. GA9020 2', 435, 'PIEZA', 2, '0000-00-00 00:00:00', '2022-11-30 01:44:53'),
(436, '  PULIDOR DE DISCO DE 9     MOD. 608830', 436, 'PIEZA', 2, '0000-00-00 00:00:00', '2022-11-30 01:44:24'),
(437, 'PULIDOR MINI CAT AG 450 7D MCA HILTI', 437, 'PIEZA', 2, NULL, '2022-11-30 01:44:13'),
(438, 'PUNTA SDS 12095 TRUPER', 438, 'PIEZA', 2, NULL, '2022-11-30 01:43:45'),
(439, 'PUNTO DE GOLPE PARA MARCAR PUMAR  12', 439, 'PIEZA', 2, NULL, '2022-11-30 01:42:04'),
(440, 'PUNTO DE GOLPE PARA MARCAR PUMAR 38', 440, 'PIEZA', 2, NULL, '2022-11-30 01:36:48'),
(441, 'P?RTIGA TELESC?PICA REDONDA DE 12M (40?) MARCA HASTING MODELO S 240', 441, 'PIEZA', 2, NULL, '2022-11-30 01:34:45'),
(442, '  RADIO DIGITALANALOGICO DMR  MCA KENWOOD  ', 442, 'PIEZA', 2, '0000-00-00 00:00:00', '2022-11-30 01:34:10'),
(443, '  RADIO PORTATIL ANALOGICO CANALES', 443, 'PIEZA', 2, '0000-00-00 00:00:00', '2022-11-30 01:33:06'),
(444, 'RECIPIENTE DE SEGURIDAD PARA GASOLINA DE 5 GALONES', 444, 'PIEZA', 2, NULL, '2022-11-29 22:44:52'),
(445, 'REMACHADORA TRUPER FIJA', 445, 'PIEZA', 2, NULL, '2022-11-30 01:33:00'),
(446, '  ROMPEDORA  TE 3000 MCA HILTI', 446, 'PIEZA', 2, '0000-00-00 00:00:00', '2022-11-30 01:31:43'),
(447, 'ROMPEDORA  TE1000 + DCG2320 2016', 447, 'PIEZA', 2, NULL, '2022-11-30 01:30:00'),
(448, '  ROTOMARTILLO SDS 1     MCA MILWAUKE CAT 5262 21  ', 448, 'PIEZA', 2, NULL, '2022-11-30 01:11:26'),
(449, 'ROTOMARTILLO SDS PLUS MODELO 0756 20 MARCA MILWAUKEE', 449, 'PIEZA', 2, NULL, '2022-11-30 01:10:44'),
(450, 'SEGUETA PARA SIERRA SABLE PARA FIERRO', 450, 'PIEZA', 2, NULL, '2022-11-30 01:07:18'),
(451, '  SERRUCHO 18      ', 451, 'PIEZA', 2, NULL, '2022-11-30 01:07:10'),
(452, 'SERRUCHO STD 20', 452, 'PIEZA', 2, NULL, '2022-11-30 01:03:41'),
(453, 'SIERRA CALADORA DE VEL. VARIABLE TRES TIPOS DE CORTE MCA. MILWAUKEE MOD.6278 20 ', 453, 'PIEZA', 2, NULL, '2022-11-30 01:03:22'),
(454, '  SIERRA SABLE 12     x 0.50 (34) 14pp cat 20583 11OR LENOX  ', 454, 'PIEZA', 2, NULL, '2022-11-29 23:21:57'),
(455, 'SIERRA SABLE MCA. MILWAUKEE MOD. 6520 21', 455, 'PIEZA', 2, NULL, '2022-11-29 23:12:15'),
(456, 'TALADRO DE 12 MOD.300 20 VELOCIDAD VARIABLE REVERSIBLE DE 0 850 RPM INDUSTRIAL MILWAUKEE 5375 20', 456, 'PIEZA', 2, NULL, '2022-11-29 23:11:59'),
(457, '  TALADRO DE COLUMNA 34HP 58     X 13 # TAPI 13  TRUPER  ', 457, 'PIEZA', 2, NULL, '2022-11-29 23:09:47'),
(458, '  TALADRO PERDORADOR A BATERIA TE 6 A36  1AVR', 458, 'PIEZA', 2, '0000-00-00 00:00:00', '2022-11-29 23:09:02'),
(459, 'TALADRO ROTOMARTILLO UH700 MCA HILTI', 459, 'PIEZA', 2, NULL, '2022-11-29 23:08:32'),
(460, 'TARIMA INDIVIDUAL', 460, 'PIEZA', 2, NULL, '2022-11-29 22:59:59'),
(461, '  TARRAJA RELOJ DE 12     A 2     MARCA     HPTR     MODELO 3 A', 461, 'PIEZA', 2, '0000-00-00 00:00:00', '2022-11-29 22:59:25'),
(462, 'TERMINAL TUBULAR CALIBRE 8 ROJO *', 462, 'PIEZA', 2, NULL, '2022-11-29 22:56:31'),
(463, 'TERMO 19 LITROS MARCA RUBBERMAID No.1112 (NUEVO)', 463, 'PIEZA', 2, NULL, '2022-11-29 22:45:25'),
(464, 'TERMO 5 GALONES MARCA RUBBERMAID', 464, 'PIEZA', 2, NULL, '2022-11-29 22:43:45'),
(465, '  TIJERA HOJALATERO 12     MODELO 322G URREA  ', 465, 'PIEZA', 2, NULL, '2022-11-29 22:43:18'),
(466, 'TIJERA METALICA PARA COSTURA 8642 7 BARRILITO', 466, 'PIEZA', 2, NULL, '2022-12-20 22:08:32'),
(467, 'TIJERAS', 467, 'PIEZA', 2, NULL, '2022-12-22 02:57:49'),
(468, '  TORQUIMETRO CUADRADO 12     (LB) 150  ', 468, 'PIEZA', 2, NULL, '2022-12-16 22:22:39'),
(469, 'TRAPEADOR ALGODON PABILO  TIPO MECHUDO', 469, 'PIEZA', 2, NULL, '2022-11-29 22:42:24'),
(470, '  TUBO DE ALUMINIO CONDUIT 21MM (34    ) CON COPLE  ', 470, 'PIEZA', 2, NULL, '2022-11-19 00:43:51'),
(471, 'ZAPAPICO ZP 5MX TRUPER', 471, 'PIEZA', 2, NULL, '2022-11-29 22:33:03'),
(480, 'prueba 1', 472, 'PIEZA\r\n', 0, '2022-11-19 00:04:59', '2022-11-19 00:04:59'),
(481, 'prueba 2', 481, 'PIEZA\r\n', 0, '2022-11-19 00:04:59', '2022-11-19 00:04:59'),
(482, 'prueba 3', 482, 'PIEZA\r\n', 0, '2022-11-19 00:04:59', '2022-11-19 00:04:59'),
(483, 'prueba 4', 483, 'PIEZA\r\n', 0, '2022-11-19 00:04:59', '2022-11-19 00:04:59'),
(498, 'prueba', 484, 'prueba', 2, '2022-11-28 23:46:31', '2022-12-17 02:45:09'),
(499, 'Angel prueba', 499, 'prueba', 0, '2022-12-20 00:16:54', '2022-12-20 00:16:54'),
(500, 'Angel prueba', 500, 'prueba', 0, '2022-12-20 00:17:02', '2022-12-20 00:17:02'),
(501, 'prueba', 501, 'prueba', 0, '2022-12-20 00:17:56', '2022-12-20 00:17:56'),
(502, 'gera', 502, 'ls', 2, '2022-12-20 00:23:03', '2022-12-20 02:45:51'),
(503, 'agua', 503, 'ls', 2, '2022-12-20 00:24:16', '2022-12-20 02:55:54'),
(504, NULL, 504, NULL, 0, '2022-12-20 00:25:33', '2022-12-20 00:25:33'),
(505, 'verde', 505, 'ls', 2, '2022-12-20 00:27:37', '2022-12-20 01:59:44'),
(506, 'prueba 2', 506, 'PIEZA', 2, '2022-12-20 01:41:43', '2022-12-20 22:08:57'),
(507, 'prueba 3', 507, 'PIEZA', 2, '2022-12-20 01:41:43', '2022-12-20 01:56:53'),
(508, 'prueba 4', 508, 'PIEZA', 2, '2022-12-20 01:41:43', '2022-12-20 01:56:14'),
(509, 'prueba 2', 509, 'PIEZA', 2, '2022-12-22 02:04:19', '2022-12-22 02:57:46'),
(510, 'prueba 4', 510, 'PIEZA', 2, '2022-12-22 02:04:19', '2022-12-22 02:57:53'),
(511, 'prueba 3', 511, 'PIEZA', 2, '2022-12-22 02:04:20', '2022-12-22 02:05:12'),
(512, 'verde', 512, 'ls', 0, '2022-12-22 02:04:32', '2022-12-22 02:04:32'),
(513, 'x', 513, 'x', 0, '2022-12-22 23:59:42', '2022-12-22 23:59:42'),
(514, 'prueba 2', 514, 'PIEZA', 0, '2022-12-23 00:01:27', '2022-12-23 00:01:27'),
(515, 'prueba 4', 515, 'PIEZA', 0, '2022-12-23 00:01:27', '2022-12-23 00:01:27'),
(516, 'prueba 3', 516, 'PIEZA', 0, '2022-12-23 00:01:28', '2022-12-23 00:01:28'),
(517, 'verde', 517, 'ls', 0, '2022-12-23 00:16:01', '2022-12-23 00:16:01'),
(518, 'prueba 6', 518, 'PIEZA', 1, '2022-12-23 00:17:17', '2023-01-03 01:20:10'),
(519, 'prueba 8', 519, 'PIEZA', 0, '2022-12-23 00:17:17', '2022-12-23 00:17:17'),
(520, 'prueba 7', 520, 'PIEZA', 0, '2022-12-23 00:17:17', '2022-12-23 00:17:17'),
(521, 'verde', 521, 'ls', 0, '2022-12-23 00:39:30', '2022-12-23 00:39:30');

-- --------------------------------------------------------

--
-- Table structure for table `migrations`
--

CREATE TABLE `migrations` (
  `id` int(10) UNSIGNED NOT NULL,
  `migration` varchar(255) COLLATE utf8mb4_unicode_ci NOT NULL,
  `batch` int(11) NOT NULL
) ENGINE=InnoDB DEFAULT CHARSET=utf8mb4 COLLATE=utf8mb4_unicode_ci;

--
-- Dumping data for table `migrations`
--

INSERT INTO `migrations` (`id`, `migration`, `batch`) VALUES
(81, '2014_10_12_000000_create_users_table', 1),
(82, '2014_10_12_100000_create_password_resets_table', 1),
(83, '2019_08_19_000000_create_failed_jobs_table', 1),
(84, '2019_12_14_000001_create_personal_access_tokens_table', 1),
(85, '2022_10_10_153844_add__obras_table', 1),
(86, '2022_10_12_134927_add_herramientas_table', 1),
(87, '2022_10_12_154143_add_user_herramientas_table', 1),
(88, '2022_10_25_154709_add_sessions_table', 1),
(89, '2022_11_28_160926_create_vale_table', 2);

-- --------------------------------------------------------

--
-- Table structure for table `obras`
--

CREATE TABLE `obras` (
  `id` bigint(20) UNSIGNED NOT NULL,
  `obra` varchar(255) COLLATE utf8mb4_unicode_ci NOT NULL,
  `cliente` varchar(255) COLLATE utf8mb4_unicode_ci NOT NULL,
  `created_at` timestamp NULL DEFAULT NULL,
  `updated_at` timestamp NULL DEFAULT NULL
) ENGINE=InnoDB DEFAULT CHARSET=utf8mb4 COLLATE=utf8mb4_unicode_ci;

--
-- Dumping data for table `obras`
--

INSERT INTO `obras` (`id`, `obra`, `cliente`, `created_at`, `updated_at`) VALUES
(1, '732/22 ', 'MONTIAC ', '0000-00-00 00:00:00', NULL),
(2, '727/22 ', 'QUIMICAS DEL REY ', '0000-00-00 00:00:00', NULL),
(3, '725/22 ', 'INDUSTRIAL HERSEG ', '0000-00-00 00:00:00', NULL),
(4, '722/22 ', 'Termolita ', '0000-00-00 00:00:00', NULL),
(5, '709/22 ', 'WOOD CRAFTERS ', '0000-00-00 00:00:00', NULL),
(6, '701/22 ', 'LINCOLN ELECTRIC MANUFACTURA ', '0000-00-00 00:00:00', NULL),
(7, '699/22 ', 'REVERGY S.A DE C.V. ', '0000-00-00 00:00:00', NULL),
(8, '692/22 ', 'Constructoracugar ', '0000-00-00 00:00:00', NULL),
(9, '687/22 ', 'METALURGICA MET-MEX ', '0000-00-00 00:00:00', NULL),
(10, '686/22 ', 'BEXEL ESCOBEDO N.L. ', '0000-00-00 00:00:00', NULL),
(11, '680/22 ', 'JOHN DEERE ELECTRONICS ', '0000-00-00 00:00:00', NULL),
(12, '677/22 ', 'ENGINE POWER COMPONENTS ', '0000-00-00 00:00:00', NULL),
(13, '676/22 ', 'ENGINE POWER COMPONENTS ', '0000-00-00 00:00:00', NULL),
(14, '670/22 ', 'PKC GROUP PTA 2 ', '0000-00-00 00:00:00', NULL),
(15, '665/22 ', 'ESSEX FURUKAWA ', '0000-00-00 00:00:00', NULL),
(16, '661/22 ', 'INDUSTRIAS JOHN DEERE ', '0000-00-00 00:00:00', NULL),
(17, '650/22 ', 'KYUNGSHIN CABLE DE MEXICO SA DE CV ', '0000-00-00 00:00:00', NULL),
(18, '640/22 ', 'ALFA GAMMA ', '0000-00-00 00:00:00', NULL),
(19, '639/22 ', 'PKC GROUP PTA 2 ', '0000-00-00 00:00:00', NULL),
(20, '636/22 ', 'METALURGICA MET-MEX ', '0000-00-00 00:00:00', NULL),
(21, '621/22 ', 'WOOD CRAFTERS ', '0000-00-00 00:00:00', NULL),
(22, '619/22 ', 'WOOD CRAFTERS ', '0000-00-00 00:00:00', NULL),
(23, '617/22 ', 'CEMIX ', '0000-00-00 00:00:00', NULL),
(24, '605/22 ', 'MONTIAC ', '0000-00-00 00:00:00', NULL),
(25, '605/22 ', 'MONTIAC ', '0000-00-00 00:00:00', NULL),
(26, '594/22 ', 'RICARDO GOMEZ CANTU ', '0000-00-00 00:00:00', NULL),
(27, '583/22 ', 'MONTIAC ', '0000-00-00 00:00:00', NULL),
(28, '575/22 ', 'AMMPER ', '0000-00-00 00:00:00', NULL),
(29, '573/22 ', 'HENNIGES AUTOMOTIVE MEXICO ', '0000-00-00 00:00:00', NULL),
(30, '560/22 ', 'COOPER STANDARD ', '0000-00-00 00:00:00', NULL),
(31, '555/22 ', 'QUIMICAS DEL REY ', '0000-00-00 00:00:00', NULL),
(32, '553/22 ', 'ENERTEC ', '0000-00-00 00:00:00', NULL),
(33, '552/22 ', 'AMMPER ', '0000-00-00 00:00:00', NULL),
(34, '545/22 ', 'AUSTIN BACIS ', '0000-00-00 00:00:00', NULL),
(35, '540/22 ', 'CATERPILLAR TORREON ', '0000-00-00 00:00:00', NULL),
(36, '526/22 ', 'TUBERIA LAGUNA ', '0000-00-00 00:00:00', NULL),
(37, '514/22 ', 'SAPSA ', '0000-00-00 00:00:00', NULL),
(38, '504/22 ', 'MINERA JUANICIPIO ', '0000-00-00 00:00:00', NULL),
(39, '487/22 ', 'CRYOINFRA ', '0000-00-00 00:00:00', NULL),
(40, '482/22 ', 'METALURGICA MET-MEX ', '0000-00-00 00:00:00', NULL),
(41, '472/22 ', 'INDUSTRIAS JOHN DEERE ', '0000-00-00 00:00:00', NULL),
(42, '466/22 ', 'CATERPILLAR TORREON ', '0000-00-00 00:00:00', NULL),
(43, '441/22 ', 'CATERPILLAR TORREON ', '0000-00-00 00:00:00', NULL),
(44, '440/22 ', 'CATERPILLAR TORREON ', '0000-00-00 00:00:00', NULL),
(45, '416/22 ', 'METALURGICA MET-MEX ', '0000-00-00 00:00:00', NULL),
(46, '411/22 ', 'QUIMICAS DEL REY ', '0000-00-00 00:00:00', NULL),
(47, '406/22 ', 'METALURGICA MET-MEX ', '0000-00-00 00:00:00', NULL),
(48, '403/22 ', 'MINERA JUANICIPIO ', '0000-00-00 00:00:00', NULL),
(49, '369/22 ', 'MONTIAC ', '0000-00-00 00:00:00', NULL),
(50, '353/22 ', 'MINERA MEXICANA LA CIENEGA ', '0000-00-00 00:00:00', NULL),
(51, '328/22 ', 'AMMPER ', '0000-00-00 00:00:00', NULL),
(52, '325/22 ', 'AUSTIN BACIS ', '0000-00-00 00:00:00', NULL),
(53, '305/22 ', 'MINERA SABINAS ', '0000-00-00 00:00:00', NULL),
(54, '295/22 ', 'QUIMICAS DEL REY ', '0000-00-00 00:00:00', NULL),
(55, '293/22 ', 'QUIMICAS DEL REY ', '0000-00-00 00:00:00', NULL),
(56, '290/22 ', 'SEPSA ', '0000-00-00 00:00:00', NULL),
(57, '288/22 ', 'AMMPER ', '0000-00-00 00:00:00', NULL),
(58, '280/22 ', 'SAPSA ', '0000-00-00 00:00:00', NULL),
(59, '268/22 ', 'SAPSA ', '0000-00-00 00:00:00', NULL),
(60, '238/22 ', 'QUIMICAS DEL REY ', '0000-00-00 00:00:00', NULL),
(61, '229/22 ', 'MONTIAC ', '0000-00-00 00:00:00', NULL),
(62, '176/22 ', 'SAPSA ', '0000-00-00 00:00:00', NULL),
(63, '170/22 ', 'KIRBYMEX ', '0000-00-00 00:00:00', NULL),
(64, '165/22 ', 'METALURGICA MET-MEX ', '0000-00-00 00:00:00', NULL),
(65, '148/22 ', 'QUIMICAS DEL REY ', '0000-00-00 00:00:00', NULL),
(66, '80/22 ', 'SAPSA ', '0000-00-00 00:00:00', NULL),
(67, '65/22 ', 'METALURGICA MET-MEX ', '0000-00-00 00:00:00', NULL),
(68, '64/22 ', 'METALURGICA MET-MEX ', '0000-00-00 00:00:00', NULL),
(69, '31/22 ', 'AUSTIN BACIS ', '0000-00-00 00:00:00', NULL),
(70, '29/22 ', 'INDUSTRIAS LINAMAR ', '0000-00-00 00:00:00', NULL),
(71, '10/22 ', 'CATERPILLAR TORREON ', '0000-00-00 00:00:00', NULL),
(72, '8/22 ', 'INDUSTRIAS JOHN DEERE ', '0000-00-00 00:00:00', NULL),
(73, '7/22 ', 'CATERPILLAR TORREON ', '0000-00-00 00:00:00', NULL),
(74, '6/22 ', 'INDUSTRIAS JOHN DEERE ', '0000-00-00 00:00:00', NULL),
(75, '0/22 ', 'DACESA ', '0000-00-00 00:00:00', NULL),
(76, '834/21 ', 'CATERPILLAR TORREON ', '0000-00-00 00:00:00', NULL),
(77, '739/21 ', 'AMMPER ', '0000-00-00 00:00:00', NULL),
(78, '712/21 ', 'METALURGICA MET-MEX ', '0000-00-00 00:00:00', NULL),
(79, '695/21 ', 'AGROQUIMICOS VERSA ', '0000-00-00 00:00:00', NULL),
(80, '682/21 ', 'AMMPER ', '0000-00-00 00:00:00', NULL),
(81, '668/21 ', 'CATERPILLAR TORREON ', '0000-00-00 00:00:00', NULL),
(82, '611/21 ', 'CATERPILLAR TORREON ', '0000-00-00 00:00:00', NULL),
(83, '593/21 ', 'METALURGICA MET-MEX ', '0000-00-00 00:00:00', NULL),
(84, '589/21 ', 'ING. ANTONIO RODARTE ', '0000-00-00 00:00:00', NULL),
(85, '588/21 ', 'CATERPILLAR TORREON ', '0000-00-00 00:00:00', NULL),
(86, '587/21 ', 'INDUSTRIAS JOHN DEERE ', '0000-00-00 00:00:00', NULL),
(87, '493/21 ', 'SAPSA ', '0000-00-00 00:00:00', NULL),
(88, '338/21 ', 'QUIMICAS DEL REY ', '0000-00-00 00:00:00', NULL),
(89, '332/21 ', 'AMMPER ', '0000-00-00 00:00:00', NULL),
(90, '189/21 ', 'DOMOS AGUA ', '0000-00-00 00:00:00', NULL),
(91, '120/21 ', 'CATERPILLAR TORREON ', '0000-00-00 00:00:00', NULL),
(92, '-1/21 ', 'ELECTRO TABLEROS ', '0000-00-00 00:00:00', NULL),
(93, '784/20 ', 'JOHN DEERE ELECTRONICS ', '0000-00-00 00:00:00', NULL),
(94, '772/20 ', 'JOHN DEERE ELECTRONICS ', '0000-00-00 00:00:00', NULL),
(95, '753/20 ', 'MONTIAC ', '0000-00-00 00:00:00', NULL),
(96, '514/20 ', 'DOMOS AGUA ', '0000-00-00 00:00:00', NULL),
(97, '459/20 ', 'SAPSA ', '0000-00-00 00:00:00', NULL),
(98, '417/20 ', 'DOMOS AGUA ', '0000-00-00 00:00:00', NULL),
(99, '250/20 ', 'DOMOS AGUA ', '0000-00-00 00:00:00', NULL),
(100, '81/20 ', 'MONTIAC ', '0000-00-00 00:00:00', NULL),
(101, '78/19 ', 'DRILAR ', '0000-00-00 00:00:00', NULL);

-- --------------------------------------------------------

--
-- Table structure for table `password_resets`
--

CREATE TABLE `password_resets` (
  `email` varchar(255) COLLATE utf8mb4_unicode_ci NOT NULL,
  `token` varchar(255) COLLATE utf8mb4_unicode_ci NOT NULL,
  `created_at` timestamp NULL DEFAULT NULL
) ENGINE=InnoDB DEFAULT CHARSET=utf8mb4 COLLATE=utf8mb4_unicode_ci;

-- --------------------------------------------------------

--
-- Table structure for table `personal_access_tokens`
--

CREATE TABLE `personal_access_tokens` (
  `id` bigint(20) UNSIGNED NOT NULL,
  `tokenable_type` varchar(255) COLLATE utf8mb4_unicode_ci NOT NULL,
  `tokenable_id` bigint(20) UNSIGNED NOT NULL,
  `name` varchar(255) COLLATE utf8mb4_unicode_ci NOT NULL,
  `token` varchar(64) COLLATE utf8mb4_unicode_ci NOT NULL,
  `abilities` text COLLATE utf8mb4_unicode_ci DEFAULT NULL,
  `last_used_at` timestamp NULL DEFAULT NULL,
  `created_at` timestamp NULL DEFAULT NULL,
  `updated_at` timestamp NULL DEFAULT NULL
) ENGINE=InnoDB DEFAULT CHARSET=utf8mb4 COLLATE=utf8mb4_unicode_ci;

-- --------------------------------------------------------

--
-- Table structure for table `sessions`
--

CREATE TABLE `sessions` (
  `id` varchar(255) COLLATE utf8mb4_unicode_ci NOT NULL,
  `user_id` bigint(20) UNSIGNED DEFAULT NULL,
  `ip_address` varchar(45) COLLATE utf8mb4_unicode_ci DEFAULT NULL,
  `user_agent` text COLLATE utf8mb4_unicode_ci DEFAULT NULL,
  `payload` text COLLATE utf8mb4_unicode_ci NOT NULL,
  `last_activity` int(11) NOT NULL
) ENGINE=InnoDB DEFAULT CHARSET=utf8mb4 COLLATE=utf8mb4_unicode_ci;

-- --------------------------------------------------------

--
-- Table structure for table `users`
--

CREATE TABLE `users` (
  `id` bigint(20) UNSIGNED NOT NULL,
  `name` varchar(255) COLLATE utf8mb4_unicode_ci NOT NULL,
  `numero_empleado` int(11) DEFAULT NULL,
  `password` varchar(255) COLLATE utf8mb4_unicode_ci DEFAULT NULL,
  `rol` varchar(255) COLLATE utf8mb4_unicode_ci NOT NULL,
  `remember_token` varchar(100) COLLATE utf8mb4_unicode_ci DEFAULT NULL,
  `created_at` timestamp NULL DEFAULT NULL,
  `updated_at` timestamp NULL DEFAULT NULL
) ENGINE=InnoDB DEFAULT CHARSET=utf8mb4 COLLATE=utf8mb4_unicode_ci;

--
-- Dumping data for table `users`
--

INSERT INTO `users` (`id`, `name`, `numero_empleado`, `password`, `rol`, `remember_token`, `created_at`, `updated_at`) VALUES
(1, 'AGUIRRE CASTRO GUADALUPE NALLELY', 1104, '1104', '1', NULL, NULL, NULL),
(2, 'ALTAMIRANO TORRES JIMY GERARDO', 159, '159', '1', NULL, NULL, NULL),
(3, 'BARRAZA GARCIA ADAN ', 1099, '1099', '1', NULL, NULL, NULL),
(4, 'CASTAEDA/GARCIA JESUS MANUEL', 407, '407', '1', NULL, NULL, NULL),
(5, 'CASTAEDA MORALES HOMERO', 197, '197', '1', NULL, NULL, NULL),
(6, 'CASTORENA CASTILLO JOSE MIGUEL', 1129, '1129', '1', NULL, NULL, NULL),
(7, 'CERVANTES AGUILAR CARLOS', 269, '269', '1', NULL, NULL, NULL),
(8, 'CHAVEZ LOPEZ JOSE LUIS', 138, '138', '1', NULL, NULL, NULL),
(9, 'CONTRERAS TRIANA FABIAN', 729, '729', '1', NULL, NULL, NULL),
(10, 'DE LA ROSA FAJARDO OSCAR ABRAHAM', 715, '715', '1', NULL, NULL, NULL),
(11, 'DIAZ RAMIREZ,AARON NEFTALI', 765, '765', '1', '1', NULL, NULL),
(12, 'DIOSDADO MIJARES JORGE ARMANDO ', 845, '845', '1', NULL, NULL, NULL),
(13, 'ELIAS HERNANDEZ RICARDO', 322, '322', '1', NULL, NULL, NULL),
(14, 'FERNANDEZ ACOSTA DAVID ALEJANDRO', 1132, '1132', '1', NULL, NULL, NULL),
(15, 'FERNANDEZ ACOSTA LUIS ENRIQUE', 900, '900', '1', NULL, NULL, NULL),
(16, 'GALINDO ROSALES GUSTAVO', 1106, '1106', '1', NULL, NULL, NULL),
(17, 'GONZALEZ MEDRANO ADOLFO', 41, '41', '1', NULL, NULL, NULL),
(18, 'GONZALEZ SALAZAR MIGUEL ANGEL', 1144, '1144', '1', NULL, NULL, NULL),
(19, 'GUERRERO GUERRERO ROMAN ', 830, '830', '1', NULL, NULL, NULL),
(20, 'GURROLA DE LA CRUZ OSCAR ENRIQUE', 359, '359', '1', NULL, NULL, NULL),
(21, 'GUTIERREZ HERNANDEZ VICTOR MANUEL ', 956, '956', '1', NULL, NULL, NULL),
(22, 'HERRERA CAMARILLO BENITO', 696, '696', '1', NULL, NULL, NULL),
(23, 'LECHUGA CONTRERAS JOSE LUIS', 463, '463', '1', NULL, NULL, NULL),
(24, 'LUNA PEREZ JOSE ANGEL', 432, '432', '1', NULL, NULL, NULL),
(25, 'LUNA VIOLANTE HECTOR MANUEL', 8, '8', '1', NULL, NULL, NULL),
(26, 'MONTOYA MURILLO GENARO', 462, '462', '1', NULL, NULL, NULL),
(27, 'PACHECO RODRIGUEZ ROBERTO', 638, '638', '1', NULL, NULL, NULL),
(28, 'RAMIREZ OJEDA JULIO CESAR ', 837, '837', '1', NULL, NULL, NULL),
(29, 'RAMIREZ ROMERO MANUEL', 13, '13', '1', NULL, NULL, NULL),
(30, 'RENTERIA REZA MARTIN ', 675, '675', '1', NULL, NULL, NULL),
(31, 'RENTERIA ARMENDARIZ JOSE', 202, '202', '1', NULL, NULL, NULL),
(32, 'ROCHA HERNANDEZ JUAN DE DIOS ', 1151, '1151', '1', NULL, NULL, NULL),
(33, 'RODRIGUEZ/CHAVEZ RODOLFO', 987, '987', '1', NULL, NULL, NULL),
(34, 'GUTIERREZ HERNANDEZ LUIS ANGEL', 2209, '2209', '1', NULL, NULL, NULL),
(35, 'RODRIGUEZ PEREZ,RODOLFO', 926, '926', '1', NULL, NULL, NULL),
(36, 'ROSALES ARANDA,JOSELY', 939, '939', '1', NULL, NULL, NULL),
(37, 'SEGOVIA LOERA,CARLOS EDUARDO', 1026, '1026', '1', NULL, NULL, NULL),
(38, 'VILLALOBOS RODRIGUEZ,MARCOS', 215, '215', '1', NULL, NULL, NULL),
(39, 'ZAMORA QUIROZ,EMMANUEL', 933, '933', '1', NULL, NULL, NULL),
(40, 'ALVARADO SIFUENTES,AMARANTA', 1089, '1089', '1', NULL, NULL, NULL),
(41, 'GONZALEZ CASTAEDA,ISRAEL', 95, '95', '1', NULL, NULL, NULL),
(42, 'GAVALDON DE SANTIAGO,LEONARDO RUBEN', 1062, '1062', '1', NULL, NULL, NULL),
(43, 'MONTOYA GUERRERO,FRANCISCO DE JESUS', 874, '874', '1', NULL, NULL, NULL),
(44, 'DEL RIO RODARTE,ANTONIO', 15, '15', '1', NULL, NULL, NULL),
(45, 'CORDOVA CHAIREZ,EDUARDO', 935, '935', '1', NULL, NULL, NULL),
(46, 'HERNANDEZ MONTAEZ,JESUS', 350, '350', '1', NULL, NULL, NULL),
(47, 'ALDABA REYES,MARIO ALBERTO', NULL, NULL, '2', NULL, NULL, NULL),
(48, 'ALTAMIRANO TORRES,JIMY GERARDO', NULL, NULL, '2', NULL, NULL, NULL),
(49, 'AVIA CORTINAS,OMAR DE JESUS', NULL, NULL, '2', NULL, NULL, NULL),
(50, 'CARRILLO ZAMARRON,JOSE ALFREDO', NULL, NULL, '2', NULL, NULL, NULL),
(51, 'CASTAEDA LOPEZ,MACIEL', NULL, NULL, '2', NULL, NULL, NULL),
(52, 'CASTRO SALAZAR,RAUL ALFREDO ', NULL, NULL, '2', NULL, NULL, NULL),
(53, 'CASTRO VAZQUEZ,MARCOT', NULL, NULL, '2', NULL, NULL, NULL),
(54, 'CERVANTES AGUILAR,CARLOS', NULL, NULL, '2', NULL, NULL, NULL),
(55, 'CHAVEZ LOPEZ,JOSE LUIS', NULL, NULL, '2', NULL, NULL, NULL),
(56, 'CHAVEZ PEREZ,ALAN MISAEL', NULL, NULL, '2', NULL, NULL, NULL),
(57, 'CISNEROS ROSALES,MARICELA', NULL, NULL, '2', NULL, NULL, NULL),
(58, 'CONTRERAS TRIANA,FABIAN', NULL, NULL, '2', NULL, NULL, NULL),
(59, 'DE LA ROSA FAJARDO,OSCAR ABRAHAM', NULL, NULL, '2', NULL, NULL, NULL),
(60, 'DIOSDADO MIJARES ,JORGE ARMANDO ', NULL, NULL, '2', NULL, NULL, NULL),
(61, 'DORADO GARCIA,JEESICA', NULL, NULL, '2', NULL, NULL, NULL),
(62, 'ELIAS HERNANDEZ,RICARDO', NULL, NULL, '2', NULL, NULL, NULL),
(63, 'ESTRADA RODRIGUEZ,DIANA GABRIELA', NULL, NULL, '2', NULL, NULL, NULL),
(64, 'GARCIA JAUREGUI,JOSHUA ALEJANDRO', NULL, NULL, '2', NULL, NULL, NULL),
(65, 'GARCIA MEDRANO,DANIEL', NULL, NULL, '2', NULL, NULL, NULL),
(66, 'GONZALEZ CASTAEDA,ALEJANDRO', NULL, NULL, '2', NULL, NULL, NULL),
(67, 'GONZALEZ MEDRANO,ADOLFO', NULL, NULL, '2', NULL, NULL, NULL),
(68, 'GONZALEZ SALAZAR,MIGUEL ANGEL', NULL, NULL, '2', NULL, NULL, NULL),
(69, 'GUERRERO GUERRERO,ROMAN', NULL, NULL, '2', NULL, NULL, NULL),
(70, 'GURROLA  DE LA CRUZ,OSCAR ENRIQUE', NULL, NULL, '2', NULL, NULL, NULL),
(71, 'HERRERA RODRIGUEZ,FIDENCIO', NULL, NULL, '2', NULL, NULL, NULL),
(72, 'HERRERA RODRIGUEZ,JOSE MA', NULL, NULL, '2', NULL, NULL, NULL),
(73, 'HURTADO MUOZ,ULISES', NULL, NULL, '2', NULL, NULL, NULL),
(74, 'LECHUGA CONTRERAS,JOSE LUIS', NULL, NULL, '2', NULL, NULL, NULL),
(75, 'LOPEZ MUOZ,BRENDA VIRGINIA', NULL, NULL, '2', NULL, NULL, NULL),
(76, 'MARTINEZ RINCON,CRISTIAN EDUARDO ', NULL, NULL, '2', NULL, NULL, NULL),
(77, 'MELENDEZ SALGADO,RODRIGO', NULL, NULL, '2', NULL, NULL, NULL),
(78, 'MORALES MENDEZ,ANGEL DAVID', NULL, NULL, '2', NULL, NULL, NULL),
(79, 'MORALES MENDEZ,JOSE ANTONIO', NULL, NULL, '2', NULL, NULL, NULL),
(80, 'MORALES MENDEZ,RAUL', NULL, NULL, '2', NULL, NULL, NULL),
(81, 'MORALES TORRES,FERNANDO ARIEL', NULL, NULL, '2', NULL, NULL, NULL),
(82, 'PACHECO RODRIGUEZ,ROBERTO', NULL, NULL, '2', NULL, NULL, NULL),
(83, 'PADILLA CAMPOS,ERNESTO', NULL, NULL, '2', NULL, NULL, NULL),
(84, 'RAMIREZ GUERRA,JOHAN EDUARDO', NULL, NULL, '2', NULL, NULL, NULL),
(85, 'RANGEL MONTEJANO ,RICARDO OMAR ', NULL, NULL, '2', NULL, NULL, NULL),
(86, 'RODRIGUEZ CHAVEZ,RODOLFO', NULL, NULL, '2', NULL, NULL, NULL),
(87, 'ROJAS GONZALEZ,IVAN', NULL, NULL, '2', NULL, NULL, NULL),
(88, 'RUBIO SANDOVAL,ERICK HERMAN', NULL, NULL, '2', NULL, NULL, NULL),
(89, 'SIFUENTES TREVIO,ROLANDO', NULL, NULL, '2', NULL, NULL, NULL),
(90, 'VILLALBA ORTIZ,JONATHAN', NULL, NULL, '2', NULL, NULL, NULL),
(91, 'VILLALOBOS RODRIGUEZ,MIGUEL ANGEL', NULL, NULL, '2', NULL, NULL, NULL),
(92, 'VILLELA FLORES,ENRIQUE', NULL, NULL, '2', NULL, NULL, NULL),
(93, 'YAEZ PEREZ,BRIAN ALBERTO', NULL, NULL, '2', NULL, NULL, NULL),
(94, 'MELENDEZ SALGADO,RODRIGO', 1160, '1160', '3', NULL, NULL, NULL);

-- --------------------------------------------------------

--
-- Table structure for table `user_herramientas`
--

CREATE TABLE `user_herramientas` (
  `id` bigint(20) UNSIGNED NOT NULL,
  `user` bigint(20) UNSIGNED DEFAULT NULL,
  `herramienta` bigint(20) UNSIGNED DEFAULT NULL,
  `cantidad` int(11) DEFAULT NULL,
  `asignados` int(11) DEFAULT NULL,
  `obra` bigint(20) UNSIGNED DEFAULT NULL,
  `descripcion` text COLLATE utf8mb4_unicode_ci DEFAULT NULL,
  `observacion` text COLLATE utf8mb4_unicode_ci DEFAULT NULL,
  `reporte` int(11) DEFAULT NULL,
  `vale` int(11) DEFAULT NULL,
  `created_at` timestamp NULL DEFAULT NULL,
  `updated_at` timestamp NULL DEFAULT NULL
) ENGINE=InnoDB DEFAULT CHARSET=utf8mb4 COLLATE=utf8mb4_unicode_ci;

--
-- Dumping data for table `user_herramientas`
--

INSERT INTO `user_herramientas` (`id`, `user`, `herramienta`, `cantidad`, `asignados`, `obra`, `descripcion`, `observacion`, `reporte`, `vale`, `created_at`, `updated_at`) VALUES
(1, 35, 464, 1, NULL, 1, 'caja', NULL, NULL, NULL, NULL, '2022-11-29 22:43:45'),
(2, 35, 21, 1, NULL, 17, 'caja', NULL, NULL, NULL, NULL, '2022-11-29 22:53:56'),
(3, 35, 462, 1, NULL, 24, 'caja', NULL, NULL, NULL, NULL, '2022-11-29 22:56:31'),
(4, 35, 462, 1, NULL, 25, 'caja', NULL, NULL, NULL, NULL, '2022-11-29 22:56:33'),
(6, 35, 461, 1, NULL, 36, 'caja', NULL, NULL, NULL, NULL, '2022-11-29 22:59:25'),
(7, 35, 460, 1, NULL, 49, 'caja', NULL, NULL, NULL, NULL, '2022-11-29 22:59:59'),
(8, 35, 459, 1, NULL, 61, 'caja', NULL, NULL, NULL, NULL, '2022-11-29 23:08:32'),
(9, 35, 458, 1, NULL, 95, 'caja', NULL, NULL, NULL, NULL, '2022-11-29 23:09:02'),
(10, 35, 457, 1, NULL, 97, 'caja', NULL, NULL, NULL, NULL, '2022-11-29 23:09:47'),
(11, 35, 456, 1, NULL, 100, 'caja', NULL, NULL, NULL, NULL, '2022-11-29 23:11:59'),
(12, 37, NULL, NULL, NULL, 2, NULL, NULL, NULL, NULL, NULL, NULL),
(13, 37, NULL, NULL, NULL, 46, NULL, NULL, NULL, NULL, NULL, NULL),
(14, 37, NULL, NULL, NULL, 54, NULL, NULL, NULL, NULL, NULL, NULL),
(15, 37, NULL, NULL, NULL, 55, NULL, NULL, NULL, NULL, NULL, NULL),
(16, 37, NULL, NULL, NULL, 60, NULL, NULL, NULL, NULL, NULL, NULL),
(17, 37, NULL, NULL, NULL, 65, NULL, NULL, NULL, NULL, NULL, NULL),
(18, 37, NULL, NULL, NULL, 88, NULL, NULL, NULL, NULL, NULL, NULL),
(19, 37, NULL, NULL, NULL, 90, NULL, NULL, NULL, NULL, NULL, NULL),
(20, 37, NULL, NULL, NULL, 96, NULL, NULL, NULL, NULL, NULL, NULL),
(21, 37, NULL, NULL, NULL, 98, NULL, NULL, NULL, NULL, NULL, NULL),
(22, 37, NULL, NULL, NULL, 99, NULL, NULL, NULL, NULL, NULL, NULL),
(23, 11, NULL, NULL, NULL, 3, NULL, NULL, NULL, NULL, NULL, NULL),
(24, 11, NULL, NULL, NULL, 32, NULL, NULL, NULL, NULL, NULL, NULL),
(25, 11, NULL, NULL, NULL, 39, NULL, NULL, NULL, NULL, NULL, NULL),
(26, 36, NULL, NULL, NULL, 4, NULL, NULL, NULL, NULL, NULL, NULL),
(27, 36, NULL, NULL, NULL, 5, NULL, NULL, NULL, NULL, NULL, NULL),
(28, 36, NULL, NULL, NULL, 6, NULL, NULL, NULL, NULL, NULL, NULL),
(29, 36, NULL, NULL, NULL, 11, NULL, NULL, NULL, NULL, NULL, NULL),
(30, 36, NULL, NULL, NULL, 12, NULL, NULL, NULL, NULL, NULL, NULL),
(31, 36, NULL, NULL, NULL, 13, NULL, NULL, NULL, NULL, NULL, NULL),
(32, 36, NULL, NULL, NULL, 18, NULL, NULL, NULL, NULL, NULL, NULL),
(33, 36, NULL, NULL, NULL, 19, NULL, NULL, NULL, NULL, NULL, NULL),
(34, 36, NULL, NULL, NULL, 21, NULL, NULL, NULL, NULL, NULL, NULL),
(35, 36, NULL, NULL, NULL, 22, NULL, NULL, NULL, NULL, NULL, NULL),
(36, 36, NULL, NULL, NULL, 29, NULL, NULL, NULL, NULL, NULL, NULL),
(37, 36, NULL, NULL, NULL, 30, NULL, NULL, NULL, NULL, NULL, NULL),
(38, 36, NULL, NULL, NULL, 42, NULL, NULL, NULL, NULL, NULL, NULL),
(39, 36, NULL, NULL, NULL, 43, NULL, NULL, NULL, NULL, NULL, NULL),
(40, 36, NULL, NULL, NULL, 44, NULL, NULL, NULL, NULL, NULL, NULL),
(41, 36, NULL, NULL, NULL, 56, NULL, NULL, NULL, NULL, NULL, NULL),
(42, 3, NULL, NULL, NULL, 7, NULL, NULL, NULL, NULL, NULL, NULL),
(43, 3, NULL, NULL, NULL, 16, NULL, NULL, NULL, NULL, NULL, NULL),
(44, 3, NULL, NULL, NULL, 41, NULL, NULL, NULL, NULL, NULL, NULL),
(45, 3, NULL, NULL, NULL, 62, NULL, NULL, NULL, NULL, NULL, NULL),
(46, 3, NULL, NULL, NULL, 74, NULL, NULL, NULL, NULL, NULL, NULL),
(47, 3, NULL, NULL, NULL, 86, NULL, NULL, NULL, NULL, NULL, NULL),
(48, 41, NULL, NULL, NULL, 8, NULL, NULL, NULL, NULL, NULL, NULL),
(49, 41, 452, 3, NULL, 93, NULL, NULL, NULL, NULL, NULL, '2022-12-17 02:20:17'),
(50, 41, NULL, NULL, NULL, 94, NULL, NULL, NULL, NULL, NULL, NULL),
(51, 41, NULL, NULL, NULL, 101, NULL, NULL, NULL, NULL, NULL, NULL),
(52, 42, NULL, NULL, NULL, 9, NULL, NULL, NULL, NULL, NULL, NULL),
(53, 42, NULL, NULL, NULL, 20, NULL, NULL, NULL, NULL, NULL, NULL),
(54, 42, NULL, NULL, NULL, 40, NULL, NULL, NULL, NULL, NULL, NULL),
(55, 42, NULL, NULL, NULL, 45, NULL, NULL, NULL, NULL, NULL, NULL),
(56, 42, NULL, NULL, NULL, 63, NULL, NULL, NULL, NULL, NULL, NULL),
(57, 42, NULL, NULL, NULL, 64, NULL, NULL, NULL, NULL, NULL, NULL),
(58, 42, NULL, NULL, NULL, 67, NULL, NULL, NULL, NULL, NULL, NULL),
(59, 42, NULL, NULL, NULL, 68, NULL, NULL, NULL, NULL, NULL, NULL),
(60, 42, NULL, NULL, NULL, 78, NULL, NULL, NULL, NULL, NULL, NULL),
(61, 42, NULL, NULL, NULL, 83, NULL, NULL, NULL, NULL, NULL, NULL),
(62, 43, NULL, NULL, NULL, 10, NULL, NULL, NULL, NULL, NULL, NULL),
(63, 43, NULL, NULL, NULL, 79, NULL, NULL, NULL, NULL, NULL, NULL),
(64, 43, NULL, NULL, NULL, 82, NULL, NULL, NULL, NULL, NULL, NULL),
(65, 43, NULL, NULL, NULL, 85, NULL, NULL, NULL, NULL, NULL, NULL),
(66, 40, NULL, NULL, NULL, 14, NULL, NULL, NULL, NULL, NULL, NULL),
(67, 40, NULL, NULL, NULL, 15, NULL, NULL, NULL, NULL, NULL, NULL),
(68, 40, NULL, NULL, NULL, 31, NULL, NULL, NULL, NULL, NULL, NULL),
(69, 40, NULL, NULL, NULL, 34, NULL, NULL, NULL, NULL, NULL, NULL),
(70, 40, NULL, NULL, NULL, 37, NULL, NULL, NULL, NULL, NULL, NULL),
(71, 40, NULL, NULL, NULL, 69, NULL, NULL, NULL, NULL, NULL, NULL),
(72, 40, NULL, NULL, NULL, 73, NULL, NULL, NULL, NULL, NULL, NULL),
(73, 40, NULL, NULL, NULL, 89, NULL, NULL, NULL, NULL, NULL, NULL),
(74, 6, NULL, NULL, NULL, 23, NULL, NULL, NULL, NULL, NULL, NULL),
(75, 44, NULL, NULL, NULL, 26, NULL, NULL, NULL, NULL, NULL, NULL),
(76, 44, NULL, NULL, NULL, 35, NULL, NULL, NULL, NULL, NULL, NULL),
(77, 44, NULL, NULL, NULL, 38, NULL, NULL, NULL, NULL, NULL, NULL),
(78, 44, NULL, NULL, NULL, 48, NULL, NULL, NULL, NULL, NULL, NULL),
(79, 44, NULL, NULL, NULL, 66, NULL, NULL, NULL, NULL, NULL, NULL),
(80, 44, NULL, NULL, NULL, 71, NULL, NULL, NULL, NULL, NULL, NULL),
(81, 44, NULL, NULL, NULL, 76, NULL, NULL, NULL, NULL, NULL, NULL),
(82, 44, NULL, NULL, NULL, 81, NULL, NULL, NULL, NULL, NULL, NULL),
(83, 44, NULL, NULL, NULL, 84, NULL, NULL, NULL, NULL, NULL, NULL),
(84, 44, NULL, NULL, NULL, 91, NULL, NULL, NULL, NULL, NULL, NULL),
(85, 15, NULL, NULL, NULL, 28, NULL, NULL, NULL, NULL, NULL, NULL),
(86, 15, NULL, NULL, NULL, 33, NULL, NULL, NULL, NULL, NULL, NULL),
(87, 15, NULL, NULL, NULL, 51, NULL, NULL, NULL, NULL, NULL, NULL),
(88, 15, NULL, NULL, NULL, 77, NULL, NULL, NULL, NULL, NULL, NULL),
(89, 15, NULL, NULL, NULL, 80, NULL, NULL, NULL, NULL, NULL, NULL),
(90, 45, NULL, NULL, NULL, 47, NULL, NULL, NULL, NULL, NULL, NULL),
(91, 45, NULL, NULL, NULL, 47, NULL, NULL, NULL, NULL, NULL, NULL),
(92, 45, NULL, NULL, NULL, 87, NULL, NULL, NULL, NULL, NULL, NULL),
(93, 39, NULL, NULL, NULL, 50, NULL, NULL, NULL, NULL, NULL, NULL),
(94, 46, NULL, NULL, NULL, 52, NULL, NULL, NULL, NULL, NULL, NULL),
(95, 38, NULL, NULL, NULL, 53, NULL, NULL, NULL, NULL, NULL, NULL),
(96, 38, NULL, NULL, NULL, 58, NULL, NULL, NULL, NULL, NULL, NULL),
(97, 38, NULL, NULL, NULL, 59, NULL, NULL, NULL, NULL, NULL, NULL),
(98, 38, NULL, NULL, NULL, 70, NULL, NULL, NULL, NULL, NULL, NULL),
(99, 38, NULL, NULL, NULL, 72, NULL, NULL, NULL, NULL, NULL, NULL),
(100, 22, NULL, NULL, NULL, 57, NULL, NULL, NULL, NULL, NULL, NULL),

-- --------------------------------------------------------

--
-- Table structure for table `vale`
--

CREATE TABLE `vale` (
  `id` bigint(20) UNSIGNED NOT NULL,
  `numero_vale` int(11) NOT NULL,
  `user_herramientas` bigint(20) UNSIGNED DEFAULT NULL,
  `created_at` timestamp NULL DEFAULT NULL,
  `updated_at` timestamp NULL DEFAULT NULL
) ENGINE=InnoDB DEFAULT CHARSET=utf8mb4 COLLATE=utf8mb4_unicode_ci;

--
-- Indexes for dumped tables
--

--
-- Indexes for table `failed_jobs`
--
ALTER TABLE `failed_jobs`
  ADD PRIMARY KEY (`id`),
  ADD UNIQUE KEY `failed_jobs_uuid_unique` (`uuid`);

--
-- Indexes for table `herramientas`
--
ALTER TABLE `herramientas`
  ADD PRIMARY KEY (`id`);

--
-- Indexes for table `migrations`
--
ALTER TABLE `migrations`
  ADD PRIMARY KEY (`id`);

--
-- Indexes for table `obras`
--
ALTER TABLE `obras`
  ADD PRIMARY KEY (`id`);

--
-- Indexes for table `password_resets`
--
ALTER TABLE `password_resets`
  ADD KEY `password_resets_email_index` (`email`);

--
-- Indexes for table `personal_access_tokens`
--
ALTER TABLE `personal_access_tokens`
  ADD PRIMARY KEY (`id`),
  ADD UNIQUE KEY `personal_access_tokens_token_unique` (`token`),
  ADD KEY `personal_access_tokens_tokenable_type_tokenable_id_index` (`tokenable_type`,`tokenable_id`);

--
-- Indexes for table `sessions`
--
ALTER TABLE `sessions`
  ADD UNIQUE KEY `sessions_id_unique` (`id`);

--
-- Indexes for table `users`
--
ALTER TABLE `users`
  ADD PRIMARY KEY (`id`),
  ADD UNIQUE KEY `users_numero_empleado_unique` (`numero_empleado`);

--
-- Indexes for table `user_herramientas`
--
ALTER TABLE `user_herramientas`
  ADD PRIMARY KEY (`id`),
  ADD KEY `user_herramientas_user_foreign` (`user`),
  ADD KEY `user_herramientas_herramienta_foreign` (`herramienta`),
  ADD KEY `user_herramientas_obra_foreign` (`obra`);

--
-- Indexes for table `vale`
--
ALTER TABLE `vale`
  ADD PRIMARY KEY (`id`),
  ADD KEY `vale_user_herramientas_foreign` (`user_herramientas`);

--
-- AUTO_INCREMENT for dumped tables
--

--
-- AUTO_INCREMENT for table `failed_jobs`
--
ALTER TABLE `failed_jobs`
  MODIFY `id` bigint(20) UNSIGNED NOT NULL AUTO_INCREMENT;

--
-- AUTO_INCREMENT for table `herramientas`
--
ALTER TABLE `herramientas`
  MODIFY `id` bigint(20) UNSIGNED NOT NULL AUTO_INCREMENT, AUTO_INCREMENT=522;

--
-- AUTO_INCREMENT for table `migrations`
--
ALTER TABLE `migrations`
  MODIFY `id` int(10) UNSIGNED NOT NULL AUTO_INCREMENT, AUTO_INCREMENT=90;

--
-- AUTO_INCREMENT for table `obras`
--
ALTER TABLE `obras`
  MODIFY `id` bigint(20) UNSIGNED NOT NULL AUTO_INCREMENT, AUTO_INCREMENT=836;

--
-- AUTO_INCREMENT for table `personal_access_tokens`
--
ALTER TABLE `personal_access_tokens`
  MODIFY `id` bigint(20) UNSIGNED NOT NULL AUTO_INCREMENT;

--
-- AUTO_INCREMENT for table `users`
--
ALTER TABLE `users`
  MODIFY `id` bigint(20) UNSIGNED NOT NULL AUTO_INCREMENT, AUTO_INCREMENT=95;

--
-- AUTO_INCREMENT for table `user_herramientas`
--
ALTER TABLE `user_herramientas`
  MODIFY `id` bigint(20) UNSIGNED NOT NULL AUTO_INCREMENT, AUTO_INCREMENT=330;

--
-- AUTO_INCREMENT for table `vale`
--
ALTER TABLE `vale`
  MODIFY `id` bigint(20) UNSIGNED NOT NULL AUTO_INCREMENT;

--
-- Constraints for dumped tables
--

--
-- Constraints for table `user_herramientas`
--
ALTER TABLE `user_herramientas`
  ADD CONSTRAINT `user_herramientas_herramienta_foreign` FOREIGN KEY (`herramienta`) REFERENCES `herramientas` (`id`) ON DELETE CASCADE,
  ADD CONSTRAINT `user_herramientas_obra_foreign` FOREIGN KEY (`obra`) REFERENCES `obras` (`id`) ON DELETE CASCADE,
  ADD CONSTRAINT `user_herramientas_user_foreign` FOREIGN KEY (`user`) REFERENCES `users` (`id`) ON DELETE CASCADE;

--
-- Constraints for table `vale`
--
ALTER TABLE `vale`
  ADD CONSTRAINT `vale_user_herramientas_foreign` FOREIGN KEY (`user_herramientas`) REFERENCES `user_herramientas` (`id`) ON DELETE CASCADE;
COMMIT;

/*!40101 SET CHARACTER_SET_CLIENT=@OLD_CHARACTER_SET_CLIENT */;
/*!40101 SET CHARACTER_SET_RESULTS=@OLD_CHARACTER_SET_RESULTS */;
/*!40101 SET COLLATION_CONNECTION=@OLD_COLLATION_CONNECTION */;
